Copyright 1986-2022 Xilinx, Inc. All Rights Reserved. Copyright 2022-2026 Advanced Micro Devices, Inc. All Rights Reserved.
------------------------------------------------------------------------------------------------------------------------------------------------------------------------------------------------------------------------------------------------
| Tool Version : Vivado v.2026.1 (win64) Build 6511674 Tue Jun 16 11:02:23 MDT 2026
| Date         : Mon Sep 28 12:32:41 2026
| Host         : BOOK-SF3MGKKSOK running 64-bit major release  (build 9200)
| Command      : report_timing_summary -max_paths 10 -routable_nets -report_unconstrained -file lab3_rgb_pwm_timing_summary_routed.rpt -pb lab3_rgb_pwm_timing_summary_routed.pb -rpx lab3_rgb_pwm_timing_summary_routed.rpx -warn_on_violation
| Design       : lab3_rgb_pwm
| Device       : 7s75-fgga484
| Speed File   : -1  PRODUCTION 1.23 2018-06-13
| Design State : Routed
------------------------------------------------------------------------------------------------------------------------------------------------------------------------------------------------------------------------------------------------

Timing Summary Report

------------------------------------------------------------------------------------------------
| Timer Settings
| --------------
------------------------------------------------------------------------------------------------

  Enable Multi Corner Analysis               :  Yes
  Enable Pessimism Removal                   :  Yes
  Pessimism Removal Resolution               :  Nearest Common Node
  Enable Input Delay Default Clock           :  No
  Enable Preset / Clear Arcs                 :  No
  Disable Flight Delays                      :  No
  Ignore I/O Paths                           :  No
  Timing Early Launch at Borrowing Latches   :  No
  Borrow Time for Max Delay Exceptions       :  Yes
  Merge Timing Exceptions                    :  Yes
  Inter-SLR Compensation                     :  Conservative

  Corner  Analyze    Analyze    
  Name    Max Paths  Min Paths  
  ------  ---------  ---------  
  Slow    Yes        Yes        
  Fast    Yes        Yes        


------------------------------------------------------------------------------------------------
| Report Methodology
| ------------------
------------------------------------------------------------------------------------------------

Rule       Severity  Description                    Violations  
---------  --------  -----------------------------  ----------  
TIMING-18  Warning   Missing input or output delay  12          

Note: This report is based on the most recent report_methodology run and may not be up-to-date. Run report_methodology on the current design for the latest report.



check_timing report

Table of Contents
-----------------
1. checking no_clock (0)
2. checking constant_clock (0)
3. checking pulse_width_clock (0)
4. checking unconstrained_internal_endpoints (0)
5. checking no_input_delay (4)
6. checking no_output_delay (12)
7. checking multiple_clock (0)
8. checking generated_clocks (0)
9. checking loops (0)
10. checking partial_input_delay (0)
11. checking partial_output_delay (0)
12. checking latch_loops (0)

1. checking no_clock (0)
------------------------
 There are 0 register/latch pins with no clock.


2. checking constant_clock (0)
------------------------------
 There are 0 register/latch pins with constant_clock.


3. checking pulse_width_clock (0)
---------------------------------
 There are 0 register/latch pins which need pulse_width check


4. checking unconstrained_internal_endpoints (0)
------------------------------------------------
 There are 0 pins that are not constrained for maximum delay.

 There are 0 pins that are not constrained for maximum delay due to constant clock.


5. checking no_input_delay (4)
------------------------------
 There are 0 input ports with no input delay specified.

 There are 4 input ports with no input delay but user has a false path constraint. (MEDIUM)


6. checking no_output_delay (12)
--------------------------------
 There are 12 ports with no output delay specified. (HIGH)

 There are 0 ports with no output delay but user has a false path constraint

 There are 0 ports with no output delay but with a timing clock defined on it or propagating through it


7. checking multiple_clock (0)
------------------------------
 There are 0 register/latch pins with multiple clocks.


8. checking generated_clocks (0)
--------------------------------
 There are 0 generated clocks that are not connected to a clock source.


9. checking loops (0)
---------------------
 There are 0 combinational loops in the design.


10. checking partial_input_delay (0)
------------------------------------
 There are 0 input ports with partial input delay specified.


11. checking partial_output_delay (0)
-------------------------------------
 There are 0 ports with partial output delay specified.


12. checking latch_loops (0)
----------------------------
 There are 0 combinational latch loops in the design through latch input



------------------------------------------------------------------------------------------------
| Design Timing Summary
| ---------------------
------------------------------------------------------------------------------------------------

    WNS(ns)      TNS(ns)  TNS Failing Endpoints  TNS Total Endpoints      WHS(ns)      THS(ns)  THS Failing Endpoints  THS Total Endpoints     WPWS(ns)     TPWS(ns)  TPWS Failing Endpoints  TPWS Total Endpoints  
    -------      -------  ---------------------  -------------------      -------      -------  ---------------------  -------------------     --------     --------  ----------------------  --------------------  
      8.629        0.000                      0                  153        0.122        0.000                      0                  153        9.500        0.000                       0                   145  


All user specified timing constraints are met.


------------------------------------------------------------------------------------------------
| Clock Summary
| -------------
------------------------------------------------------------------------------------------------

Clock      Waveform(ns)       Period(ns)      Frequency(MHz)
-----      ------------       ----------      --------------
clk_50mhz  {0.000 10.000}     20.000          50.000          


------------------------------------------------------------------------------------------------
| Intra Clock Table
| -----------------
------------------------------------------------------------------------------------------------

Clock             WNS(ns)      TNS(ns)  TNS Failing Endpoints  TNS Total Endpoints      WHS(ns)      THS(ns)  THS Failing Endpoints  THS Total Endpoints     WPWS(ns)     TPWS(ns)  TPWS Failing Endpoints  TPWS Total Endpoints  
-----             -------      -------  ---------------------  -------------------      -------      -------  ---------------------  -------------------     --------     --------  ----------------------  --------------------  
clk_50mhz           8.629        0.000                      0                  153        0.122        0.000                      0                  153        9.500        0.000                       0                   145  


------------------------------------------------------------------------------------------------
| Inter Clock Table
| -----------------
------------------------------------------------------------------------------------------------

From Clock    To Clock          WNS(ns)      TNS(ns)  TNS Failing Endpoints  TNS Total Endpoints      WHS(ns)      THS(ns)  THS Failing Endpoints  THS Total Endpoints  
----------    --------          -------      -------  ---------------------  -------------------      -------      -------  ---------------------  -------------------  


------------------------------------------------------------------------------------------------
| Other Path Groups Table
| -----------------------
------------------------------------------------------------------------------------------------

Path Group    From Clock    To Clock          WNS(ns)      TNS(ns)  TNS Failing Endpoints  TNS Total Endpoints      WHS(ns)      THS(ns)  THS Failing Endpoints  THS Total Endpoints  
----------    ----------    --------          -------      -------  ---------------------  -------------------      -------      -------  ---------------------  -------------------  


------------------------------------------------------------------------------------------------
| User Ignored Path Table
| -----------------------
------------------------------------------------------------------------------------------------

Path Group    From Clock    To Clock    
----------    ----------    --------    
(none)                      clk_50mhz     


------------------------------------------------------------------------------------------------
| Unconstrained Path Table
| ------------------------
------------------------------------------------------------------------------------------------

Path Group    From Clock    To Clock    
----------    ----------    --------    
(none)        clk_50mhz                   


------------------------------------------------------------------------------------------------
| Timing Details
| --------------
------------------------------------------------------------------------------------------------


---------------------------------------------------------------------------------------------------
From Clock:  clk_50mhz
  To Clock:  clk_50mhz

Setup :            0  Failing Endpoints,  Worst Slack        8.629ns,  Total Violation        0.000ns
Hold  :            0  Failing Endpoints,  Worst Slack        0.122ns,  Total Violation        0.000ns
PW    :            0  Failing Endpoints,  Worst Slack        9.500ns,  Total Violation        0.000ns
---------------------------------------------------------------------------------------------------


Max Delay Paths
--------------------------------------------------------------------------------------
Slack (MET) :             8.629ns  (required time - arrival time)
  Source:                 level_b_reg[0]/C
                            (rising edge-triggered cell FDCE clocked by clk_50mhz  {rise@0.000ns fall@10.000ns period=20.000ns})
  Destination:            u_pwm_b/pwm_reg_lopt_replica_2/D
                            (rising edge-triggered cell FDCE clocked by clk_50mhz  {rise@0.000ns fall@10.000ns period=20.000ns})
  Path Group:             clk_50mhz
  Path Type:              Setup (Max at Slow Process Corner)
  Requirement:            20.000ns  (clk_50mhz rise@20.000ns - clk_50mhz rise@0.000ns)
  Data Path Delay:        11.339ns  (logic 3.157ns (27.842%)  route 8.182ns (72.158%))
  Logic Levels:           12  (CARRY4=4 LUT4=2 LUT6=6)
  Clock Path Skew:        -0.135ns (DCD - SCD + CPR)
    Destination Clock Delay (DCD):    5.297ns = ( 25.297 - 20.000 ) 
    Source Clock Delay      (SCD):    5.627ns
    Clock Pessimism Removal (CPR):    0.195ns
  Clock Uncertainty:      0.035ns  ((TSJ^2 + TIJ^2)^1/2 + DJ) / 2 + PE
    Total System Jitter     (TSJ):    0.071ns
    Total Input Jitter      (TIJ):    0.000ns
    Discrete Jitter          (DJ):    0.000ns
    Phase Error              (PE):    0.000ns

    Location             Delay type                Incr(ns)  Path(ns)    Netlist Resource(s)
  -------------------------------------------------------------------    -------------------
                         (clock clk_50mhz rise edge)
                                                      0.000     0.000 r  <hidden>
    B6                                                0.000     0.000 r  clk_50mhz
                         net (fo=0)                   0.000     0.000    clk_50mhz
    B6                   IBUF (Prop_ibuf_I_O)         1.500     1.500 r  clk_50mhz_IBUF_inst/O
                         net (fo=1, routed)           2.315     3.815    clk_50mhz_IBUF
    BUFGCTRL_X0Y16       BUFG (Prop_bufg_I_O)         0.096     3.911 r  clk_50mhz_IBUF_BUFG_inst/O
                         net (fo=144, routed)         1.715     5.627    clk_50mhz_IBUF_BUFG
    SLICE_X82Y92         FDCE                                         r  level_b_reg[0]/C
  -------------------------------------------------------------------    -------------------
    SLICE_X82Y92         FDCE (Prop_fdce_C_Q)         0.456     6.083 r  level_b_reg[0]/Q
                         net (fo=17, routed)          1.030     7.113    u_pwm_b/Q[0]
    SLICE_X81Y93         LUT4 (Prop_lut4_I2_O)        0.124     7.237 r  u_pwm_b/i___1_carry__0_i_6__1/O
                         net (fo=1, routed)           0.000     7.237    u_pwm_b/i___1_carry__0_i_6__1_n_0
    SLICE_X81Y93         CARRY4 (Prop_carry4_S[1]_CO[3])
                                                      0.550     7.787 r  u_pwm_b/threshold1_inferred__0/i___1_carry__0/CO[3]
                         net (fo=1, routed)           0.000     7.787    u_pwm_b/threshold1_inferred__0/i___1_carry__0_n_0
    SLICE_X81Y94         CARRY4 (Prop_carry4_CI_O[1])
                                                      0.334     8.121 r  u_pwm_b/threshold1_inferred__0/i___1_carry__1/O[1]
                         net (fo=5, routed)           1.035     9.156    u_pwm_b/threshold1_inferred__0/i___1_carry__1_n_6
    SLICE_X82Y94         LUT6 (Prop_lut6_I5_O)        0.303     9.459 r  u_pwm_b/pwm0_carry__0_i_18__1/O
                         net (fo=4, routed)           0.673    10.132    u_pwm_b/pwm0_carry__0_i_18__1_n_0
    SLICE_X82Y93         LUT6 (Prop_lut6_I5_O)        0.124    10.256 r  u_pwm_b/pwm0_carry__0_i_19__1/O
                         net (fo=3, routed)           1.012    11.268    u_pwm_b/pwm0_carry__0_i_19__1_n_0
    SLICE_X81Y91         LUT6 (Prop_lut6_I1_O)        0.124    11.392 r  u_pwm_b/pwm0_carry_i_18__1/O
                         net (fo=3, routed)           0.823    12.215    u_pwm_b/pwm0_carry_i_18__1_n_0
    SLICE_X80Y90         LUT6 (Prop_lut6_I1_O)        0.124    12.339 r  u_pwm_b/pwm0_carry_i_21__1/O
                         net (fo=3, routed)           0.824    13.163    u_pwm_b/pwm0_carry_i_21__1_n_0
    SLICE_X82Y89         LUT6 (Prop_lut6_I1_O)        0.124    13.287 f  u_pwm_b/pwm0_carry_i_26__1/O
                         net (fo=2, routed)           0.659    13.946    u_pwm_b/pwm0_carry_i_26__1_n_0
    SLICE_X82Y89         LUT6 (Prop_lut6_I4_O)        0.124    14.070 r  u_pwm_b/pwm0_carry_i_16__1/O
                         net (fo=2, routed)           0.647    14.717    u_pwm_b/threshold__15[0]
    SLICE_X82Y90         LUT4 (Prop_lut4_I0_O)        0.124    14.841 r  u_pwm_b/pwm0_carry_i_8__1/O
                         net (fo=1, routed)           0.000    14.841    u_pwm_b/pwm0_carry_i_8__1_n_0
    SLICE_X82Y90         CARRY4 (Prop_carry4_S[0]_CO[3])
                                                      0.532    15.373 r  u_pwm_b/pwm0_carry/CO[3]
                         net (fo=1, routed)           0.000    15.373    u_pwm_b/pwm0_carry_n_0
    SLICE_X82Y91         CARRY4 (Prop_carry4_CI_CO[3])
                                                      0.114    15.487 r  u_pwm_b/pwm0_carry__0/CO[3]
                         net (fo=4, routed)           1.478    16.966    u_pwm_b/p_0_in
    SLICE_X83Y101        FDCE                                         r  u_pwm_b/pwm_reg_lopt_replica_2/D
  -------------------------------------------------------------------    -------------------

                         (clock clk_50mhz rise edge)
                                                     20.000    20.000 r  <hidden>
    B6                                                0.000    20.000 r  clk_50mhz
                         net (fo=0)                   0.000    20.000    clk_50mhz
    B6                   IBUF (Prop_ibuf_I_O)         1.429    21.429 r  clk_50mhz_IBUF_inst/O
                         net (fo=1, routed)           2.196    23.625    clk_50mhz_IBUF
    BUFGCTRL_X0Y16       BUFG (Prop_bufg_I_O)         0.091    23.716 r  clk_50mhz_IBUF_BUFG_inst/O
                         net (fo=144, routed)         1.581    25.297    u_pwm_b/CLK
    SLICE_X83Y101        FDCE                                         r  u_pwm_b/pwm_reg_lopt_replica_2/C
                         clock pessimism              0.195    25.492    <hidden>
                         clock uncertainty           -0.035    25.457    <hidden>
    SLICE_X83Y101        FDCE (Setup_fdce_C_D)        0.138    25.595    u_pwm_b/pwm_reg_lopt_replica_2
  -------------------------------------------------------------------
                         required time                         25.595    <hidden>
                         arrival time                         -16.966    <hidden>
  -------------------------------------------------------------------
                         slack                                  8.629    <hidden>

Slack (MET) :             8.944ns  (required time - arrival time)
  Source:                 level_g_reg[2]/C
                            (rising edge-triggered cell FDCE clocked by clk_50mhz  {rise@0.000ns fall@10.000ns period=20.000ns})
  Destination:            u_pwm_g/pwm_reg_lopt_replica_3/D
                            (rising edge-triggered cell FDCE clocked by clk_50mhz  {rise@0.000ns fall@10.000ns period=20.000ns})
  Path Group:             clk_50mhz
  Path Type:              Setup (Max at Slow Process Corner)
  Requirement:            20.000ns  (clk_50mhz rise@20.000ns - clk_50mhz rise@0.000ns)
  Data Path Delay:        11.120ns  (logic 3.395ns (30.531%)  route 7.725ns (69.469%))
  Logic Levels:           13  (CARRY4=5 LUT2=1 LUT3=1 LUT5=1 LUT6=5)
  Clock Path Skew:        -0.039ns (DCD - SCD + CPR)
    Destination Clock Delay (DCD):    5.297ns = ( 25.297 - 20.000 ) 
    Source Clock Delay      (SCD):    5.610ns
    Clock Pessimism Removal (CPR):    0.274ns
  Clock Uncertainty:      0.035ns  ((TSJ^2 + TIJ^2)^1/2 + DJ) / 2 + PE
    Total System Jitter     (TSJ):    0.071ns
    Total Input Jitter      (TIJ):    0.000ns
    Discrete Jitter          (DJ):    0.000ns
    Phase Error              (PE):    0.000ns

    Location             Delay type                Incr(ns)  Path(ns)    Netlist Resource(s)
  -------------------------------------------------------------------    -------------------
                         (clock clk_50mhz rise edge)
                                                      0.000     0.000 r  <hidden>
    B6                                                0.000     0.000 r  clk_50mhz
                         net (fo=0)                   0.000     0.000    clk_50mhz
    B6                   IBUF (Prop_ibuf_I_O)         1.500     1.500 r  clk_50mhz_IBUF_inst/O
                         net (fo=1, routed)           2.315     3.815    clk_50mhz_IBUF
    BUFGCTRL_X0Y16       BUFG (Prop_bufg_I_O)         0.096     3.911 r  clk_50mhz_IBUF_BUFG_inst/O
                         net (fo=144, routed)         1.699     5.610    clk_50mhz_IBUF_BUFG
    SLICE_X79Y106        FDCE                                         r  level_g_reg[2]/C
  -------------------------------------------------------------------    -------------------
    SLICE_X79Y106        FDCE (Prop_fdce_C_Q)         0.419     6.029 r  level_g_reg[2]/Q
                         net (fo=18, routed)          0.934     6.963    u_pwm_g/Q[2]
    SLICE_X80Y105        LUT2 (Prop_lut2_I0_O)        0.296     7.259 r  u_pwm_g/i___1_carry_i_4__0/O
                         net (fo=1, routed)           0.000     7.259    u_pwm_g/i___1_carry_i_4__0_n_0
    SLICE_X80Y105        CARRY4 (Prop_carry4_S[1]_CO[3])
                                                      0.533     7.792 r  u_pwm_g/threshold1_inferred__0/i___1_carry/CO[3]
                         net (fo=1, routed)           0.000     7.792    u_pwm_g/threshold1_inferred__0/i___1_carry_n_0
    SLICE_X80Y106        CARRY4 (Prop_carry4_CI_CO[3])
                                                      0.117     7.909 r  u_pwm_g/threshold1_inferred__0/i___1_carry__0/CO[3]
                         net (fo=1, routed)           0.000     7.909    u_pwm_g/threshold1_inferred__0/i___1_carry__0_n_0
    SLICE_X80Y107        CARRY4 (Prop_carry4_CI_O[3])
                                                      0.315     8.224 r  u_pwm_g/threshold1_inferred__0/i___1_carry__1/O[3]
                         net (fo=6, routed)           0.915     9.139    u_pwm_g/threshold1_inferred__0/i___1_carry__1_n_4
    SLICE_X81Y107        LUT6 (Prop_lut6_I3_O)        0.307     9.446 r  u_pwm_g/pwm0_carry__0_i_17__0/O
                         net (fo=3, routed)           0.979    10.425    u_pwm_g/pwm0_carry__0_i_17__0_n_0
    SLICE_X78Y106        LUT6 (Prop_lut6_I0_O)        0.124    10.549 r  u_pwm_g/pwm0_carry__0_i_13__0/O
                         net (fo=7, routed)           0.847    11.396    u_pwm_g/threshold0__443[10]
    SLICE_X79Y105        LUT3 (Prop_lut3_I2_O)        0.124    11.520 r  u_pwm_g/pwm0_carry_i_20__0/O
                         net (fo=1, routed)           0.962    12.482    u_pwm_g/pwm0_carry_i_20__0_n_0
    SLICE_X79Y105        LUT6 (Prop_lut6_I0_O)        0.124    12.606 r  u_pwm_g/pwm0_carry_i_11__0/O
                         net (fo=3, routed)           0.434    13.040    u_pwm_g/threshold0__443[7]
    SLICE_X80Y104        LUT6 (Prop_lut6_I2_O)        0.124    13.164 r  u_pwm_g/pwm0_carry_i_13__0/O
                         net (fo=4, routed)           0.817    13.981    u_pwm_g/threshold0__443[5]
    SLICE_X80Y104        LUT6 (Prop_lut6_I2_O)        0.124    14.105 r  u_pwm_g/pwm0_carry_i_15__0/O
                         net (fo=2, routed)           0.620    14.725    u_pwm_g/threshold0__443[3]
    SLICE_X81Y104        LUT5 (Prop_lut5_I3_O)        0.124    14.849 r  u_pwm_g/pwm0_carry_i_7__0/O
                         net (fo=1, routed)           0.000    14.849    u_pwm_g/pwm0_carry_i_7__0_n_0
    SLICE_X81Y104        CARRY4 (Prop_carry4_S[1]_CO[3])
                                                      0.550    15.399 r  u_pwm_g/pwm0_carry/CO[3]
                         net (fo=1, routed)           0.000    15.399    u_pwm_g/pwm0_carry_n_0
    SLICE_X81Y105        CARRY4 (Prop_carry4_CI_CO[3])
                                                      0.114    15.513 r  u_pwm_g/pwm0_carry__0/CO[3]
                         net (fo=4, routed)           1.217    16.730    u_pwm_g/p_0_in
    SLICE_X83Y101        FDCE                                         r  u_pwm_g/pwm_reg_lopt_replica_3/D
  -------------------------------------------------------------------    -------------------

                         (clock clk_50mhz rise edge)
                                                     20.000    20.000 r  <hidden>
    B6                                                0.000    20.000 r  clk_50mhz
                         net (fo=0)                   0.000    20.000    clk_50mhz
    B6                   IBUF (Prop_ibuf_I_O)         1.429    21.429 r  clk_50mhz_IBUF_inst/O
                         net (fo=1, routed)           2.196    23.625    clk_50mhz_IBUF
    BUFGCTRL_X0Y16       BUFG (Prop_bufg_I_O)         0.091    23.716 r  clk_50mhz_IBUF_BUFG_inst/O
                         net (fo=144, routed)         1.581    25.297    u_pwm_g/CLK
    SLICE_X83Y101        FDCE                                         r  u_pwm_g/pwm_reg_lopt_replica_3/C
                         clock pessimism              0.274    25.571    <hidden>
                         clock uncertainty           -0.035    25.536    <hidden>
    SLICE_X83Y101        FDCE (Setup_fdce_C_D)        0.138    25.674    u_pwm_g/pwm_reg_lopt_replica_3
  -------------------------------------------------------------------
                         required time                         25.674    <hidden>
                         arrival time                         -16.730    <hidden>
  -------------------------------------------------------------------
                         slack                                  8.944    <hidden>

Slack (MET) :             8.947ns  (required time - arrival time)
  Source:                 level_g_reg[2]/C
                            (rising edge-triggered cell FDCE clocked by clk_50mhz  {rise@0.000ns fall@10.000ns period=20.000ns})
  Destination:            u_pwm_g/pwm_reg_lopt_replica/D
                            (rising edge-triggered cell FDCE clocked by clk_50mhz  {rise@0.000ns fall@10.000ns period=20.000ns})
  Path Group:             clk_50mhz
  Path Type:              Setup (Max at Slow Process Corner)
  Requirement:            20.000ns  (clk_50mhz rise@20.000ns - clk_50mhz rise@0.000ns)
  Data Path Delay:        11.117ns  (logic 3.395ns (30.539%)  route 7.722ns (69.461%))
  Logic Levels:           13  (CARRY4=5 LUT2=1 LUT3=1 LUT5=1 LUT6=5)
  Clock Path Skew:        -0.039ns (DCD - SCD + CPR)
    Destination Clock Delay (DCD):    5.297ns = ( 25.297 - 20.000 ) 
    Source Clock Delay      (SCD):    5.610ns
    Clock Pessimism Removal (CPR):    0.274ns
  Clock Uncertainty:      0.035ns  ((TSJ^2 + TIJ^2)^1/2 + DJ) / 2 + PE
    Total System Jitter     (TSJ):    0.071ns
    Total Input Jitter      (TIJ):    0.000ns
    Discrete Jitter          (DJ):    0.000ns
    Phase Error              (PE):    0.000ns

    Location             Delay type                Incr(ns)  Path(ns)    Netlist Resource(s)
  -------------------------------------------------------------------    -------------------
                         (clock clk_50mhz rise edge)
                                                      0.000     0.000 r  <hidden>
    B6                                                0.000     0.000 r  clk_50mhz
                         net (fo=0)                   0.000     0.000    clk_50mhz
    B6                   IBUF (Prop_ibuf_I_O)         1.500     1.500 r  clk_50mhz_IBUF_inst/O
                         net (fo=1, routed)           2.315     3.815    clk_50mhz_IBUF
    BUFGCTRL_X0Y16       BUFG (Prop_bufg_I_O)         0.096     3.911 r  clk_50mhz_IBUF_BUFG_inst/O
                         net (fo=144, routed)         1.699     5.610    clk_50mhz_IBUF_BUFG
    SLICE_X79Y106        FDCE                                         r  level_g_reg[2]/C
  -------------------------------------------------------------------    -------------------
    SLICE_X79Y106        FDCE (Prop_fdce_C_Q)         0.419     6.029 r  level_g_reg[2]/Q
                         net (fo=18, routed)          0.934     6.963    u_pwm_g/Q[2]
    SLICE_X80Y105        LUT2 (Prop_lut2_I0_O)        0.296     7.259 r  u_pwm_g/i___1_carry_i_4__0/O
                         net (fo=1, routed)           0.000     7.259    u_pwm_g/i___1_carry_i_4__0_n_0
    SLICE_X80Y105        CARRY4 (Prop_carry4_S[1]_CO[3])
                                                      0.533     7.792 r  u_pwm_g/threshold1_inferred__0/i___1_carry/CO[3]
                         net (fo=1, routed)           0.000     7.792    u_pwm_g/threshold1_inferred__0/i___1_carry_n_0
    SLICE_X80Y106        CARRY4 (Prop_carry4_CI_CO[3])
                                                      0.117     7.909 r  u_pwm_g/threshold1_inferred__0/i___1_carry__0/CO[3]
                         net (fo=1, routed)           0.000     7.909    u_pwm_g/threshold1_inferred__0/i___1_carry__0_n_0
    SLICE_X80Y107        CARRY4 (Prop_carry4_CI_O[3])
                                                      0.315     8.224 r  u_pwm_g/threshold1_inferred__0/i___1_carry__1/O[3]
                         net (fo=6, routed)           0.915     9.139    u_pwm_g/threshold1_inferred__0/i___1_carry__1_n_4
    SLICE_X81Y107        LUT6 (Prop_lut6_I3_O)        0.307     9.446 r  u_pwm_g/pwm0_carry__0_i_17__0/O
                         net (fo=3, routed)           0.979    10.425    u_pwm_g/pwm0_carry__0_i_17__0_n_0
    SLICE_X78Y106        LUT6 (Prop_lut6_I0_O)        0.124    10.549 r  u_pwm_g/pwm0_carry__0_i_13__0/O
                         net (fo=7, routed)           0.847    11.396    u_pwm_g/threshold0__443[10]
    SLICE_X79Y105        LUT3 (Prop_lut3_I2_O)        0.124    11.520 r  u_pwm_g/pwm0_carry_i_20__0/O
                         net (fo=1, routed)           0.962    12.482    u_pwm_g/pwm0_carry_i_20__0_n_0
    SLICE_X79Y105        LUT6 (Prop_lut6_I0_O)        0.124    12.606 r  u_pwm_g/pwm0_carry_i_11__0/O
                         net (fo=3, routed)           0.434    13.040    u_pwm_g/threshold0__443[7]
    SLICE_X80Y104        LUT6 (Prop_lut6_I2_O)        0.124    13.164 r  u_pwm_g/pwm0_carry_i_13__0/O
                         net (fo=4, routed)           0.817    13.981    u_pwm_g/threshold0__443[5]
    SLICE_X80Y104        LUT6 (Prop_lut6_I2_O)        0.124    14.105 r  u_pwm_g/pwm0_carry_i_15__0/O
                         net (fo=2, routed)           0.620    14.725    u_pwm_g/threshold0__443[3]
    SLICE_X81Y104        LUT5 (Prop_lut5_I3_O)        0.124    14.849 r  u_pwm_g/pwm0_carry_i_7__0/O
                         net (fo=1, routed)           0.000    14.849    u_pwm_g/pwm0_carry_i_7__0_n_0
    SLICE_X81Y104        CARRY4 (Prop_carry4_S[1]_CO[3])
                                                      0.550    15.399 r  u_pwm_g/pwm0_carry/CO[3]
                         net (fo=1, routed)           0.000    15.399    u_pwm_g/pwm0_carry_n_0
    SLICE_X81Y105        CARRY4 (Prop_carry4_CI_CO[3])
                                                      0.114    15.513 r  u_pwm_g/pwm0_carry__0/CO[3]
                         net (fo=4, routed)           1.214    16.727    u_pwm_g/p_0_in
    SLICE_X83Y101        FDCE                                         r  u_pwm_g/pwm_reg_lopt_replica/D
  -------------------------------------------------------------------    -------------------

                         (clock clk_50mhz rise edge)
                                                     20.000    20.000 r  <hidden>
    B6                                                0.000    20.000 r  clk_50mhz
                         net (fo=0)                   0.000    20.000    clk_50mhz
    B6                   IBUF (Prop_ibuf_I_O)         1.429    21.429 r  clk_50mhz_IBUF_inst/O
                         net (fo=1, routed)           2.196    23.625    clk_50mhz_IBUF
    BUFGCTRL_X0Y16       BUFG (Prop_bufg_I_O)         0.091    23.716 r  clk_50mhz_IBUF_BUFG_inst/O
                         net (fo=144, routed)         1.581    25.297    u_pwm_g/CLK
    SLICE_X83Y101        FDCE                                         r  u_pwm_g/pwm_reg_lopt_replica/C
                         clock pessimism              0.274    25.571    <hidden>
                         clock uncertainty           -0.035    25.536    <hidden>
    SLICE_X83Y101        FDCE (Setup_fdce_C_D)        0.138    25.674    u_pwm_g/pwm_reg_lopt_replica
  -------------------------------------------------------------------
                         required time                         25.674    <hidden>
                         arrival time                         -16.727    <hidden>
  -------------------------------------------------------------------
                         slack                                  8.947    <hidden>

Slack (MET) :             9.118ns  (required time - arrival time)
  Source:                 level_r_reg[0]/C
                            (rising edge-triggered cell FDCE clocked by clk_50mhz  {rise@0.000ns fall@10.000ns period=20.000ns})
  Destination:            u_pwm_r/pwm_reg_lopt_replica_3/D
                            (rising edge-triggered cell FDCE clocked by clk_50mhz  {rise@0.000ns fall@10.000ns period=20.000ns})
  Path Group:             clk_50mhz
  Path Type:              Setup (Max at Slow Process Corner)
  Requirement:            20.000ns  (clk_50mhz rise@20.000ns - clk_50mhz rise@0.000ns)
  Data Path Delay:        10.956ns  (logic 3.203ns (29.235%)  route 7.753ns (70.765%))
  Logic Levels:           12  (CARRY4=4 LUT4=2 LUT6=6)
  Clock Path Skew:        -0.029ns (DCD - SCD + CPR)
    Destination Clock Delay (DCD):    5.312ns = ( 25.312 - 20.000 ) 
    Source Clock Delay      (SCD):    5.615ns
    Clock Pessimism Removal (CPR):    0.274ns
  Clock Uncertainty:      0.035ns  ((TSJ^2 + TIJ^2)^1/2 + DJ) / 2 + PE
    Total System Jitter     (TSJ):    0.071ns
    Total Input Jitter      (TIJ):    0.000ns
    Discrete Jitter          (DJ):    0.000ns
    Phase Error              (PE):    0.000ns

    Location             Delay type                Incr(ns)  Path(ns)    Netlist Resource(s)
  -------------------------------------------------------------------    -------------------
                         (clock clk_50mhz rise edge)
                                                      0.000     0.000 r  <hidden>
    B6                                                0.000     0.000 r  clk_50mhz
                         net (fo=0)                   0.000     0.000    clk_50mhz
    B6                   IBUF (Prop_ibuf_I_O)         1.500     1.500 r  clk_50mhz_IBUF_inst/O
                         net (fo=1, routed)           2.315     3.815    clk_50mhz_IBUF
    BUFGCTRL_X0Y16       BUFG (Prop_bufg_I_O)         0.096     3.911 r  clk_50mhz_IBUF_BUFG_inst/O
                         net (fo=144, routed)         1.703     5.615    clk_50mhz_IBUF_BUFG
    SLICE_X72Y96         FDCE                                         r  level_r_reg[0]/C
  -------------------------------------------------------------------    -------------------
    SLICE_X72Y96         FDCE (Prop_fdce_C_Q)         0.518     6.133 r  level_r_reg[0]/Q
                         net (fo=17, routed)          1.074     7.207    u_pwm_r/Q[0]
    SLICE_X73Y97         LUT4 (Prop_lut4_I2_O)        0.124     7.331 r  u_pwm_r/i___1_carry__0_i_6/O
                         net (fo=1, routed)           0.000     7.331    u_pwm_r/i___1_carry__0_i_6_n_0
    SLICE_X73Y97         CARRY4 (Prop_carry4_S[1]_CO[3])
                                                      0.550     7.881 r  u_pwm_r/threshold1_inferred__0/i___1_carry__0/CO[3]
                         net (fo=1, routed)           0.000     7.881    u_pwm_r/threshold1_inferred__0/i___1_carry__0_n_0
    SLICE_X73Y98         CARRY4 (Prop_carry4_CI_O[1])
                                                      0.334     8.215 r  u_pwm_r/threshold1_inferred__0/i___1_carry__1/O[1]
                         net (fo=5, routed)           1.174     9.388    u_pwm_r/threshold1_inferred__0/i___1_carry__1_n_6
    SLICE_X71Y97         LUT6 (Prop_lut6_I1_O)        0.303     9.691 r  u_pwm_r/pwm0_carry__0_i_17/O
                         net (fo=3, routed)           0.767    10.458    u_pwm_r/pwm0_carry__0_i_17_n_0
    SLICE_X74Y97         LUT6 (Prop_lut6_I1_O)        0.124    10.582 r  u_pwm_r/pwm0_carry__0_i_20/O
                         net (fo=3, routed)           0.688    11.270    u_pwm_r/pwm0_carry__0_i_20_n_0
    SLICE_X74Y96         LUT6 (Prop_lut6_I0_O)        0.124    11.394 r  u_pwm_r/pwm0_carry_i_19/O
                         net (fo=3, routed)           0.752    12.146    u_pwm_r/pwm0_carry_i_19_n_0
    SLICE_X73Y95         LUT6 (Prop_lut6_I0_O)        0.124    12.270 r  u_pwm_r/pwm0_carry_i_22/O
                         net (fo=3, routed)           0.677    12.947    u_pwm_r/pwm0_carry_i_22_n_0
    SLICE_X72Y94         LUT6 (Prop_lut6_I0_O)        0.124    13.071 r  u_pwm_r/pwm0_carry_i_26/O
                         net (fo=2, routed)           0.632    13.702    u_pwm_r/pwm0_carry_i_26_n_0
    SLICE_X73Y94         LUT6 (Prop_lut6_I2_O)        0.124    13.826 r  u_pwm_r/pwm0_carry_i_17/O
                         net (fo=2, routed)           0.617    14.443    u_pwm_r/pwm0_carry_i_17_n_0
    SLICE_X74Y94         LUT4 (Prop_lut4_I2_O)        0.124    14.567 r  u_pwm_r/pwm0_carry_i_8/O
                         net (fo=1, routed)           0.000    14.567    u_pwm_r/pwm0_carry_i_8_n_0
    SLICE_X74Y94         CARRY4 (Prop_carry4_S[0]_CO[3])
                                                      0.513    15.080 r  u_pwm_r/pwm0_carry/CO[3]
                         net (fo=1, routed)           0.000    15.080    u_pwm_r/pwm0_carry_n_0
    SLICE_X74Y95         CARRY4 (Prop_carry4_CI_CO[3])
                                                      0.117    15.197 r  u_pwm_r/pwm0_carry__0/CO[3]
                         net (fo=4, routed)           1.373    16.571    u_pwm_r/p_0_in
    SLICE_X81Y93         FDCE                                         r  u_pwm_r/pwm_reg_lopt_replica_3/D
  -------------------------------------------------------------------    -------------------

                         (clock clk_50mhz rise edge)
                                                     20.000    20.000 r  <hidden>
    B6                                                0.000    20.000 r  clk_50mhz
                         net (fo=0)                   0.000    20.000    clk_50mhz
    B6                   IBUF (Prop_ibuf_I_O)         1.429    21.429 r  clk_50mhz_IBUF_inst/O
                         net (fo=1, routed)           2.196    23.625    clk_50mhz_IBUF
    BUFGCTRL_X0Y16       BUFG (Prop_bufg_I_O)         0.091    23.716 r  clk_50mhz_IBUF_BUFG_inst/O
                         net (fo=144, routed)         1.595    25.312    u_pwm_r/CLK
    SLICE_X81Y93         FDCE                                         r  u_pwm_r/pwm_reg_lopt_replica_3/C
                         clock pessimism              0.274    25.586    <hidden>
                         clock uncertainty           -0.035    25.550    <hidden>
    SLICE_X81Y93         FDCE (Setup_fdce_C_D)        0.138    25.688    u_pwm_r/pwm_reg_lopt_replica_3
  -------------------------------------------------------------------
                         required time                         25.688    <hidden>
                         arrival time                         -16.571    <hidden>
  -------------------------------------------------------------------
                         slack                                  9.118    <hidden>

Slack (MET) :             9.222ns  (required time - arrival time)
  Source:                 level_r_reg[0]/C
                            (rising edge-triggered cell FDCE clocked by clk_50mhz  {rise@0.000ns fall@10.000ns period=20.000ns})
  Destination:            u_pwm_r/pwm_reg_lopt_replica/D
                            (rising edge-triggered cell FDCE clocked by clk_50mhz  {rise@0.000ns fall@10.000ns period=20.000ns})
  Path Group:             clk_50mhz
  Path Type:              Setup (Max at Slow Process Corner)
  Requirement:            20.000ns  (clk_50mhz rise@20.000ns - clk_50mhz rise@0.000ns)
  Data Path Delay:        10.901ns  (logic 3.203ns (29.382%)  route 7.698ns (70.618%))
  Logic Levels:           12  (CARRY4=4 LUT4=2 LUT6=6)
  Clock Path Skew:        -0.028ns (DCD - SCD + CPR)
    Destination Clock Delay (DCD):    5.313ns = ( 25.313 - 20.000 ) 
    Source Clock Delay      (SCD):    5.615ns
    Clock Pessimism Removal (CPR):    0.274ns
  Clock Uncertainty:      0.035ns  ((TSJ^2 + TIJ^2)^1/2 + DJ) / 2 + PE
    Total System Jitter     (TSJ):    0.071ns
    Total Input Jitter      (TIJ):    0.000ns
    Discrete Jitter          (DJ):    0.000ns
    Phase Error              (PE):    0.000ns

    Location             Delay type                Incr(ns)  Path(ns)    Netlist Resource(s)
  -------------------------------------------------------------------    -------------------
                         (clock clk_50mhz rise edge)
                                                      0.000     0.000 r  <hidden>
    B6                                                0.000     0.000 r  clk_50mhz
                         net (fo=0)                   0.000     0.000    clk_50mhz
    B6                   IBUF (Prop_ibuf_I_O)         1.500     1.500 r  clk_50mhz_IBUF_inst/O
                         net (fo=1, routed)           2.315     3.815    clk_50mhz_IBUF
    BUFGCTRL_X0Y16       BUFG (Prop_bufg_I_O)         0.096     3.911 r  clk_50mhz_IBUF_BUFG_inst/O
                         net (fo=144, routed)         1.703     5.615    clk_50mhz_IBUF_BUFG
    SLICE_X72Y96         FDCE                                         r  level_r_reg[0]/C
  -------------------------------------------------------------------    -------------------
    SLICE_X72Y96         FDCE (Prop_fdce_C_Q)         0.518     6.133 r  level_r_reg[0]/Q
                         net (fo=17, routed)          1.074     7.207    u_pwm_r/Q[0]
    SLICE_X73Y97         LUT4 (Prop_lut4_I2_O)        0.124     7.331 r  u_pwm_r/i___1_carry__0_i_6/O
                         net (fo=1, routed)           0.000     7.331    u_pwm_r/i___1_carry__0_i_6_n_0
    SLICE_X73Y97         CARRY4 (Prop_carry4_S[1]_CO[3])
                                                      0.550     7.881 r  u_pwm_r/threshold1_inferred__0/i___1_carry__0/CO[3]
                         net (fo=1, routed)           0.000     7.881    u_pwm_r/threshold1_inferred__0/i___1_carry__0_n_0
    SLICE_X73Y98         CARRY4 (Prop_carry4_CI_O[1])
                                                      0.334     8.215 r  u_pwm_r/threshold1_inferred__0/i___1_carry__1/O[1]
                         net (fo=5, routed)           1.174     9.388    u_pwm_r/threshold1_inferred__0/i___1_carry__1_n_6
    SLICE_X71Y97         LUT6 (Prop_lut6_I1_O)        0.303     9.691 r  u_pwm_r/pwm0_carry__0_i_17/O
                         net (fo=3, routed)           0.767    10.458    u_pwm_r/pwm0_carry__0_i_17_n_0
    SLICE_X74Y97         LUT6 (Prop_lut6_I1_O)        0.124    10.582 r  u_pwm_r/pwm0_carry__0_i_20/O
                         net (fo=3, routed)           0.688    11.270    u_pwm_r/pwm0_carry__0_i_20_n_0
    SLICE_X74Y96         LUT6 (Prop_lut6_I0_O)        0.124    11.394 r  u_pwm_r/pwm0_carry_i_19/O
                         net (fo=3, routed)           0.752    12.146    u_pwm_r/pwm0_carry_i_19_n_0
    SLICE_X73Y95         LUT6 (Prop_lut6_I0_O)        0.124    12.270 r  u_pwm_r/pwm0_carry_i_22/O
                         net (fo=3, routed)           0.677    12.947    u_pwm_r/pwm0_carry_i_22_n_0
    SLICE_X72Y94         LUT6 (Prop_lut6_I0_O)        0.124    13.071 r  u_pwm_r/pwm0_carry_i_26/O
                         net (fo=2, routed)           0.632    13.702    u_pwm_r/pwm0_carry_i_26_n_0
    SLICE_X73Y94         LUT6 (Prop_lut6_I2_O)        0.124    13.826 r  u_pwm_r/pwm0_carry_i_17/O
                         net (fo=2, routed)           0.617    14.443    u_pwm_r/pwm0_carry_i_17_n_0
    SLICE_X74Y94         LUT4 (Prop_lut4_I2_O)        0.124    14.567 r  u_pwm_r/pwm0_carry_i_8/O
                         net (fo=1, routed)           0.000    14.567    u_pwm_r/pwm0_carry_i_8_n_0
    SLICE_X74Y94         CARRY4 (Prop_carry4_S[0]_CO[3])
                                                      0.513    15.080 r  u_pwm_r/pwm0_carry/CO[3]
                         net (fo=1, routed)           0.000    15.080    u_pwm_r/pwm0_carry_n_0
    SLICE_X74Y95         CARRY4 (Prop_carry4_CI_CO[3])
                                                      0.117    15.197 r  u_pwm_r/pwm0_carry__0/CO[3]
                         net (fo=4, routed)           1.319    16.516    u_pwm_r/p_0_in
    SLICE_X80Y99         FDCE                                         r  u_pwm_r/pwm_reg_lopt_replica/D
  -------------------------------------------------------------------    -------------------

                         (clock clk_50mhz rise edge)
                                                     20.000    20.000 r  <hidden>
    B6                                                0.000    20.000 r  clk_50mhz
                         net (fo=0)                   0.000    20.000    clk_50mhz
    B6                   IBUF (Prop_ibuf_I_O)         1.429    21.429 r  clk_50mhz_IBUF_inst/O
                         net (fo=1, routed)           2.196    23.625    clk_50mhz_IBUF
    BUFGCTRL_X0Y16       BUFG (Prop_bufg_I_O)         0.091    23.716 r  clk_50mhz_IBUF_BUFG_inst/O
                         net (fo=144, routed)         1.596    25.313    u_pwm_r/CLK
    SLICE_X80Y99         FDCE                                         r  u_pwm_r/pwm_reg_lopt_replica/C
                         clock pessimism              0.274    25.587    <hidden>
                         clock uncertainty           -0.035    25.551    <hidden>
    SLICE_X80Y99         FDCE (Setup_fdce_C_D)        0.186    25.737    u_pwm_r/pwm_reg_lopt_replica
  -------------------------------------------------------------------
                         required time                         25.737    <hidden>
                         arrival time                         -16.516    <hidden>
  -------------------------------------------------------------------
                         slack                                  9.222    <hidden>

Slack (MET) :             9.247ns  (required time - arrival time)
  Source:                 level_g_reg[2]/C
                            (rising edge-triggered cell FDCE clocked by clk_50mhz  {rise@0.000ns fall@10.000ns period=20.000ns})
  Destination:            u_pwm_g/pwm_reg_lopt_replica_2/D
                            (rising edge-triggered cell FDCE clocked by clk_50mhz  {rise@0.000ns fall@10.000ns period=20.000ns})
  Path Group:             clk_50mhz
  Path Type:              Setup (Max at Slow Process Corner)
  Requirement:            20.000ns  (clk_50mhz rise@20.000ns - clk_50mhz rise@0.000ns)
  Data Path Delay:        10.816ns  (logic 3.395ns (31.390%)  route 7.421ns (68.610%))
  Logic Levels:           13  (CARRY4=5 LUT2=1 LUT3=1 LUT5=1 LUT6=5)
  Clock Path Skew:        -0.040ns (DCD - SCD + CPR)
    Destination Clock Delay (DCD):    5.296ns = ( 25.296 - 20.000 ) 
    Source Clock Delay      (SCD):    5.610ns
    Clock Pessimism Removal (CPR):    0.274ns
  Clock Uncertainty:      0.035ns  ((TSJ^2 + TIJ^2)^1/2 + DJ) / 2 + PE
    Total System Jitter     (TSJ):    0.071ns
    Total Input Jitter      (TIJ):    0.000ns
    Discrete Jitter          (DJ):    0.000ns
    Phase Error              (PE):    0.000ns

    Location             Delay type                Incr(ns)  Path(ns)    Netlist Resource(s)
  -------------------------------------------------------------------    -------------------
                         (clock clk_50mhz rise edge)
                                                      0.000     0.000 r  <hidden>
    B6                                                0.000     0.000 r  clk_50mhz
                         net (fo=0)                   0.000     0.000    clk_50mhz
    B6                   IBUF (Prop_ibuf_I_O)         1.500     1.500 r  clk_50mhz_IBUF_inst/O
                         net (fo=1, routed)           2.315     3.815    clk_50mhz_IBUF
    BUFGCTRL_X0Y16       BUFG (Prop_bufg_I_O)         0.096     3.911 r  clk_50mhz_IBUF_BUFG_inst/O
                         net (fo=144, routed)         1.699     5.610    clk_50mhz_IBUF_BUFG
    SLICE_X79Y106        FDCE                                         r  level_g_reg[2]/C
  -------------------------------------------------------------------    -------------------
    SLICE_X79Y106        FDCE (Prop_fdce_C_Q)         0.419     6.029 r  level_g_reg[2]/Q
                         net (fo=18, routed)          0.934     6.963    u_pwm_g/Q[2]
    SLICE_X80Y105        LUT2 (Prop_lut2_I0_O)        0.296     7.259 r  u_pwm_g/i___1_carry_i_4__0/O
                         net (fo=1, routed)           0.000     7.259    u_pwm_g/i___1_carry_i_4__0_n_0
    SLICE_X80Y105        CARRY4 (Prop_carry4_S[1]_CO[3])
                                                      0.533     7.792 r  u_pwm_g/threshold1_inferred__0/i___1_carry/CO[3]
                         net (fo=1, routed)           0.000     7.792    u_pwm_g/threshold1_inferred__0/i___1_carry_n_0
    SLICE_X80Y106        CARRY4 (Prop_carry4_CI_CO[3])
                                                      0.117     7.909 r  u_pwm_g/threshold1_inferred__0/i___1_carry__0/CO[3]
                         net (fo=1, routed)           0.000     7.909    u_pwm_g/threshold1_inferred__0/i___1_carry__0_n_0
    SLICE_X80Y107        CARRY4 (Prop_carry4_CI_O[3])
                                                      0.315     8.224 r  u_pwm_g/threshold1_inferred__0/i___1_carry__1/O[3]
                         net (fo=6, routed)           0.915     9.139    u_pwm_g/threshold1_inferred__0/i___1_carry__1_n_4
    SLICE_X81Y107        LUT6 (Prop_lut6_I3_O)        0.307     9.446 r  u_pwm_g/pwm0_carry__0_i_17__0/O
                         net (fo=3, routed)           0.979    10.425    u_pwm_g/pwm0_carry__0_i_17__0_n_0
    SLICE_X78Y106        LUT6 (Prop_lut6_I0_O)        0.124    10.549 r  u_pwm_g/pwm0_carry__0_i_13__0/O
                         net (fo=7, routed)           0.847    11.396    u_pwm_g/threshold0__443[10]
    SLICE_X79Y105        LUT3 (Prop_lut3_I2_O)        0.124    11.520 r  u_pwm_g/pwm0_carry_i_20__0/O
                         net (fo=1, routed)           0.962    12.482    u_pwm_g/pwm0_carry_i_20__0_n_0
    SLICE_X79Y105        LUT6 (Prop_lut6_I0_O)        0.124    12.606 r  u_pwm_g/pwm0_carry_i_11__0/O
                         net (fo=3, routed)           0.434    13.040    u_pwm_g/threshold0__443[7]
    SLICE_X80Y104        LUT6 (Prop_lut6_I2_O)        0.124    13.164 r  u_pwm_g/pwm0_carry_i_13__0/O
                         net (fo=4, routed)           0.817    13.981    u_pwm_g/threshold0__443[5]
    SLICE_X80Y104        LUT6 (Prop_lut6_I2_O)        0.124    14.105 r  u_pwm_g/pwm0_carry_i_15__0/O
                         net (fo=2, routed)           0.620    14.725    u_pwm_g/threshold0__443[3]
    SLICE_X81Y104        LUT5 (Prop_lut5_I3_O)        0.124    14.849 r  u_pwm_g/pwm0_carry_i_7__0/O
                         net (fo=1, routed)           0.000    14.849    u_pwm_g/pwm0_carry_i_7__0_n_0
    SLICE_X81Y104        CARRY4 (Prop_carry4_S[1]_CO[3])
                                                      0.550    15.399 r  u_pwm_g/pwm0_carry/CO[3]
                         net (fo=1, routed)           0.000    15.399    u_pwm_g/pwm0_carry_n_0
    SLICE_X81Y105        CARRY4 (Prop_carry4_CI_CO[3])
                                                      0.114    15.513 r  u_pwm_g/pwm0_carry__0/CO[3]
                         net (fo=4, routed)           0.913    16.426    u_pwm_g/p_0_in
    SLICE_X83Y104        FDCE                                         r  u_pwm_g/pwm_reg_lopt_replica_2/D
  -------------------------------------------------------------------    -------------------

                         (clock clk_50mhz rise edge)
                                                     20.000    20.000 r  <hidden>
    B6                                                0.000    20.000 r  clk_50mhz
                         net (fo=0)                   0.000    20.000    clk_50mhz
    B6                   IBUF (Prop_ibuf_I_O)         1.429    21.429 r  clk_50mhz_IBUF_inst/O
                         net (fo=1, routed)           2.196    23.625    clk_50mhz_IBUF
    BUFGCTRL_X0Y16       BUFG (Prop_bufg_I_O)         0.091    23.716 r  clk_50mhz_IBUF_BUFG_inst/O
                         net (fo=144, routed)         1.580    25.296    u_pwm_g/CLK
    SLICE_X83Y104        FDCE                                         r  u_pwm_g/pwm_reg_lopt_replica_2/C
                         clock pessimism              0.274    25.570    <hidden>
                         clock uncertainty           -0.035    25.535    <hidden>
    SLICE_X83Y104        FDCE (Setup_fdce_C_D)        0.138    25.673    u_pwm_g/pwm_reg_lopt_replica_2
  -------------------------------------------------------------------
                         required time                         25.673    <hidden>
                         arrival time                         -16.426    <hidden>
  -------------------------------------------------------------------
                         slack                                  9.247    <hidden>

Slack (MET) :             9.247ns  (required time - arrival time)
  Source:                 level_r_reg[0]/C
                            (rising edge-triggered cell FDCE clocked by clk_50mhz  {rise@0.000ns fall@10.000ns period=20.000ns})
  Destination:            u_pwm_r/pwm_reg_lopt_replica_2/D
                            (rising edge-triggered cell FDCE clocked by clk_50mhz  {rise@0.000ns fall@10.000ns period=20.000ns})
  Path Group:             clk_50mhz
  Path Type:              Setup (Max at Slow Process Corner)
  Requirement:            20.000ns  (clk_50mhz rise@20.000ns - clk_50mhz rise@0.000ns)
  Data Path Delay:        10.828ns  (logic 3.203ns (29.580%)  route 7.625ns (70.420%))
  Logic Levels:           12  (CARRY4=4 LUT4=2 LUT6=6)
  Clock Path Skew:        -0.028ns (DCD - SCD + CPR)
    Destination Clock Delay (DCD):    5.313ns = ( 25.313 - 20.000 ) 
    Source Clock Delay      (SCD):    5.615ns
    Clock Pessimism Removal (CPR):    0.274ns
  Clock Uncertainty:      0.035ns  ((TSJ^2 + TIJ^2)^1/2 + DJ) / 2 + PE
    Total System Jitter     (TSJ):    0.071ns
    Total Input Jitter      (TIJ):    0.000ns
    Discrete Jitter          (DJ):    0.000ns
    Phase Error              (PE):    0.000ns

    Location             Delay type                Incr(ns)  Path(ns)    Netlist Resource(s)
  -------------------------------------------------------------------    -------------------
                         (clock clk_50mhz rise edge)
                                                      0.000     0.000 r  <hidden>
    B6                                                0.000     0.000 r  clk_50mhz
                         net (fo=0)                   0.000     0.000    clk_50mhz
    B6                   IBUF (Prop_ibuf_I_O)         1.500     1.500 r  clk_50mhz_IBUF_inst/O
                         net (fo=1, routed)           2.315     3.815    clk_50mhz_IBUF
    BUFGCTRL_X0Y16       BUFG (Prop_bufg_I_O)         0.096     3.911 r  clk_50mhz_IBUF_BUFG_inst/O
                         net (fo=144, routed)         1.703     5.615    clk_50mhz_IBUF_BUFG
    SLICE_X72Y96         FDCE                                         r  level_r_reg[0]/C
  -------------------------------------------------------------------    -------------------
    SLICE_X72Y96         FDCE (Prop_fdce_C_Q)         0.518     6.133 r  level_r_reg[0]/Q
                         net (fo=17, routed)          1.074     7.207    u_pwm_r/Q[0]
    SLICE_X73Y97         LUT4 (Prop_lut4_I2_O)        0.124     7.331 r  u_pwm_r/i___1_carry__0_i_6/O
                         net (fo=1, routed)           0.000     7.331    u_pwm_r/i___1_carry__0_i_6_n_0
    SLICE_X73Y97         CARRY4 (Prop_carry4_S[1]_CO[3])
                                                      0.550     7.881 r  u_pwm_r/threshold1_inferred__0/i___1_carry__0/CO[3]
                         net (fo=1, routed)           0.000     7.881    u_pwm_r/threshold1_inferred__0/i___1_carry__0_n_0
    SLICE_X73Y98         CARRY4 (Prop_carry4_CI_O[1])
                                                      0.334     8.215 r  u_pwm_r/threshold1_inferred__0/i___1_carry__1/O[1]
                         net (fo=5, routed)           1.174     9.388    u_pwm_r/threshold1_inferred__0/i___1_carry__1_n_6
    SLICE_X71Y97         LUT6 (Prop_lut6_I1_O)        0.303     9.691 r  u_pwm_r/pwm0_carry__0_i_17/O
                         net (fo=3, routed)           0.767    10.458    u_pwm_r/pwm0_carry__0_i_17_n_0
    SLICE_X74Y97         LUT6 (Prop_lut6_I1_O)        0.124    10.582 r  u_pwm_r/pwm0_carry__0_i_20/O
                         net (fo=3, routed)           0.688    11.270    u_pwm_r/pwm0_carry__0_i_20_n_0
    SLICE_X74Y96         LUT6 (Prop_lut6_I0_O)        0.124    11.394 r  u_pwm_r/pwm0_carry_i_19/O
                         net (fo=3, routed)           0.752    12.146    u_pwm_r/pwm0_carry_i_19_n_0
    SLICE_X73Y95         LUT6 (Prop_lut6_I0_O)        0.124    12.270 r  u_pwm_r/pwm0_carry_i_22/O
                         net (fo=3, routed)           0.677    12.947    u_pwm_r/pwm0_carry_i_22_n_0
    SLICE_X72Y94         LUT6 (Prop_lut6_I0_O)        0.124    13.071 r  u_pwm_r/pwm0_carry_i_26/O
                         net (fo=2, routed)           0.632    13.702    u_pwm_r/pwm0_carry_i_26_n_0
    SLICE_X73Y94         LUT6 (Prop_lut6_I2_O)        0.124    13.826 r  u_pwm_r/pwm0_carry_i_17/O
                         net (fo=2, routed)           0.617    14.443    u_pwm_r/pwm0_carry_i_17_n_0
    SLICE_X74Y94         LUT4 (Prop_lut4_I2_O)        0.124    14.567 r  u_pwm_r/pwm0_carry_i_8/O
                         net (fo=1, routed)           0.000    14.567    u_pwm_r/pwm0_carry_i_8_n_0
    SLICE_X74Y94         CARRY4 (Prop_carry4_S[0]_CO[3])
                                                      0.513    15.080 r  u_pwm_r/pwm0_carry/CO[3]
                         net (fo=1, routed)           0.000    15.080    u_pwm_r/pwm0_carry_n_0
    SLICE_X74Y95         CARRY4 (Prop_carry4_CI_CO[3])
                                                      0.117    15.197 r  u_pwm_r/pwm0_carry__0/CO[3]
                         net (fo=4, routed)           1.246    16.443    u_pwm_r/p_0_in
    SLICE_X81Y99         FDCE                                         r  u_pwm_r/pwm_reg_lopt_replica_2/D
  -------------------------------------------------------------------    -------------------

                         (clock clk_50mhz rise edge)
                                                     20.000    20.000 r  <hidden>
    B6                                                0.000    20.000 r  clk_50mhz
                         net (fo=0)                   0.000    20.000    clk_50mhz
    B6                   IBUF (Prop_ibuf_I_O)         1.429    21.429 r  clk_50mhz_IBUF_inst/O
                         net (fo=1, routed)           2.196    23.625    clk_50mhz_IBUF
    BUFGCTRL_X0Y16       BUFG (Prop_bufg_I_O)         0.091    23.716 r  clk_50mhz_IBUF_BUFG_inst/O
                         net (fo=144, routed)         1.596    25.313    u_pwm_r/CLK
    SLICE_X81Y99         FDCE                                         r  u_pwm_r/pwm_reg_lopt_replica_2/C
                         clock pessimism              0.274    25.587    <hidden>
                         clock uncertainty           -0.035    25.551    <hidden>
    SLICE_X81Y99         FDCE (Setup_fdce_C_D)        0.139    25.690    u_pwm_r/pwm_reg_lopt_replica_2
  -------------------------------------------------------------------
                         required time                         25.690    <hidden>
                         arrival time                         -16.443    <hidden>
  -------------------------------------------------------------------
                         slack                                  9.247    <hidden>

Slack (MET) :             9.403ns  (required time - arrival time)
  Source:                 level_b_reg[0]/C
                            (rising edge-triggered cell FDCE clocked by clk_50mhz  {rise@0.000ns fall@10.000ns period=20.000ns})
  Destination:            u_pwm_b/pwm_reg_lopt_replica/D
                            (rising edge-triggered cell FDCE clocked by clk_50mhz  {rise@0.000ns fall@10.000ns period=20.000ns})
  Path Group:             clk_50mhz
  Path Type:              Setup (Max at Slow Process Corner)
  Requirement:            20.000ns  (clk_50mhz rise@20.000ns - clk_50mhz rise@0.000ns)
  Data Path Delay:        10.674ns  (logic 3.157ns (29.577%)  route 7.517ns (70.423%))
  Logic Levels:           12  (CARRY4=4 LUT4=2 LUT6=6)
  Clock Path Skew:        -0.026ns (DCD - SCD + CPR)
    Destination Clock Delay (DCD):    5.311ns = ( 25.311 - 20.000 ) 
    Source Clock Delay      (SCD):    5.627ns
    Clock Pessimism Removal (CPR):    0.290ns
  Clock Uncertainty:      0.035ns  ((TSJ^2 + TIJ^2)^1/2 + DJ) / 2 + PE
    Total System Jitter     (TSJ):    0.071ns
    Total Input Jitter      (TIJ):    0.000ns
    Discrete Jitter          (DJ):    0.000ns
    Phase Error              (PE):    0.000ns

    Location             Delay type                Incr(ns)  Path(ns)    Netlist Resource(s)
  -------------------------------------------------------------------    -------------------
                         (clock clk_50mhz rise edge)
                                                      0.000     0.000 r  <hidden>
    B6                                                0.000     0.000 r  clk_50mhz
                         net (fo=0)                   0.000     0.000    clk_50mhz
    B6                   IBUF (Prop_ibuf_I_O)         1.500     1.500 r  clk_50mhz_IBUF_inst/O
                         net (fo=1, routed)           2.315     3.815    clk_50mhz_IBUF
    BUFGCTRL_X0Y16       BUFG (Prop_bufg_I_O)         0.096     3.911 r  clk_50mhz_IBUF_BUFG_inst/O
                         net (fo=144, routed)         1.715     5.627    clk_50mhz_IBUF_BUFG
    SLICE_X82Y92         FDCE                                         r  level_b_reg[0]/C
  -------------------------------------------------------------------    -------------------
    SLICE_X82Y92         FDCE (Prop_fdce_C_Q)         0.456     6.083 r  level_b_reg[0]/Q
                         net (fo=17, routed)          1.030     7.113    u_pwm_b/Q[0]
    SLICE_X81Y93         LUT4 (Prop_lut4_I2_O)        0.124     7.237 r  u_pwm_b/i___1_carry__0_i_6__1/O
                         net (fo=1, routed)           0.000     7.237    u_pwm_b/i___1_carry__0_i_6__1_n_0
    SLICE_X81Y93         CARRY4 (Prop_carry4_S[1]_CO[3])
                                                      0.550     7.787 r  u_pwm_b/threshold1_inferred__0/i___1_carry__0/CO[3]
                         net (fo=1, routed)           0.000     7.787    u_pwm_b/threshold1_inferred__0/i___1_carry__0_n_0
    SLICE_X81Y94         CARRY4 (Prop_carry4_CI_O[1])
                                                      0.334     8.121 r  u_pwm_b/threshold1_inferred__0/i___1_carry__1/O[1]
                         net (fo=5, routed)           1.035     9.156    u_pwm_b/threshold1_inferred__0/i___1_carry__1_n_6
    SLICE_X82Y94         LUT6 (Prop_lut6_I5_O)        0.303     9.459 r  u_pwm_b/pwm0_carry__0_i_18__1/O
                         net (fo=4, routed)           0.673    10.132    u_pwm_b/pwm0_carry__0_i_18__1_n_0
    SLICE_X82Y93         LUT6 (Prop_lut6_I5_O)        0.124    10.256 r  u_pwm_b/pwm0_carry__0_i_19__1/O
                         net (fo=3, routed)           1.012    11.268    u_pwm_b/pwm0_carry__0_i_19__1_n_0
    SLICE_X81Y91         LUT6 (Prop_lut6_I1_O)        0.124    11.392 r  u_pwm_b/pwm0_carry_i_18__1/O
                         net (fo=3, routed)           0.823    12.215    u_pwm_b/pwm0_carry_i_18__1_n_0
    SLICE_X80Y90         LUT6 (Prop_lut6_I1_O)        0.124    12.339 r  u_pwm_b/pwm0_carry_i_21__1/O
                         net (fo=3, routed)           0.824    13.163    u_pwm_b/pwm0_carry_i_21__1_n_0
    SLICE_X82Y89         LUT6 (Prop_lut6_I1_O)        0.124    13.287 f  u_pwm_b/pwm0_carry_i_26__1/O
                         net (fo=2, routed)           0.659    13.946    u_pwm_b/pwm0_carry_i_26__1_n_0
    SLICE_X82Y89         LUT6 (Prop_lut6_I4_O)        0.124    14.070 r  u_pwm_b/pwm0_carry_i_16__1/O
                         net (fo=2, routed)           0.647    14.717    u_pwm_b/threshold__15[0]
    SLICE_X82Y90         LUT4 (Prop_lut4_I0_O)        0.124    14.841 r  u_pwm_b/pwm0_carry_i_8__1/O
                         net (fo=1, routed)           0.000    14.841    u_pwm_b/pwm0_carry_i_8__1_n_0
    SLICE_X82Y90         CARRY4 (Prop_carry4_S[0]_CO[3])
                                                      0.532    15.373 r  u_pwm_b/pwm0_carry/CO[3]
                         net (fo=1, routed)           0.000    15.373    u_pwm_b/pwm0_carry_n_0
    SLICE_X82Y91         CARRY4 (Prop_carry4_CI_CO[3])
                                                      0.114    15.487 r  u_pwm_b/pwm0_carry__0/CO[3]
                         net (fo=4, routed)           0.813    16.301    u_pwm_b/p_0_in
    SLICE_X83Y90         FDCE                                         r  u_pwm_b/pwm_reg_lopt_replica/D
  -------------------------------------------------------------------    -------------------

                         (clock clk_50mhz rise edge)
                                                     20.000    20.000 r  <hidden>
    B6                                                0.000    20.000 r  clk_50mhz
                         net (fo=0)                   0.000    20.000    clk_50mhz
    B6                   IBUF (Prop_ibuf_I_O)         1.429    21.429 r  clk_50mhz_IBUF_inst/O
                         net (fo=1, routed)           2.196    23.625    clk_50mhz_IBUF
    BUFGCTRL_X0Y16       BUFG (Prop_bufg_I_O)         0.091    23.716 r  clk_50mhz_IBUF_BUFG_inst/O
                         net (fo=144, routed)         1.594    25.311    u_pwm_b/CLK
    SLICE_X83Y90         FDCE                                         r  u_pwm_b/pwm_reg_lopt_replica/C
                         clock pessimism              0.290    25.601    <hidden>
                         clock uncertainty           -0.035    25.565    <hidden>
    SLICE_X83Y90         FDCE (Setup_fdce_C_D)        0.138    25.703    u_pwm_b/pwm_reg_lopt_replica
  -------------------------------------------------------------------
                         required time                         25.703    <hidden>
                         arrival time                         -16.301    <hidden>
  -------------------------------------------------------------------
                         slack                                  9.403    <hidden>

Slack (MET) :             9.543ns  (required time - arrival time)
  Source:                 level_b_reg[0]/C
                            (rising edge-triggered cell FDCE clocked by clk_50mhz  {rise@0.000ns fall@10.000ns period=20.000ns})
  Destination:            u_pwm_b/pwm_reg_lopt_replica_3/D
                            (rising edge-triggered cell FDCE clocked by clk_50mhz  {rise@0.000ns fall@10.000ns period=20.000ns})
  Path Group:             clk_50mhz
  Path Type:              Setup (Max at Slow Process Corner)
  Requirement:            20.000ns  (clk_50mhz rise@20.000ns - clk_50mhz rise@0.000ns)
  Data Path Delay:        10.534ns  (logic 3.157ns (29.970%)  route 7.377ns (70.030%))
  Logic Levels:           12  (CARRY4=4 LUT4=2 LUT6=6)
  Clock Path Skew:        -0.026ns (DCD - SCD + CPR)
    Destination Clock Delay (DCD):    5.311ns = ( 25.311 - 20.000 ) 
    Source Clock Delay      (SCD):    5.627ns
    Clock Pessimism Removal (CPR):    0.290ns
  Clock Uncertainty:      0.035ns  ((TSJ^2 + TIJ^2)^1/2 + DJ) / 2 + PE
    Total System Jitter     (TSJ):    0.071ns
    Total Input Jitter      (TIJ):    0.000ns
    Discrete Jitter          (DJ):    0.000ns
    Phase Error              (PE):    0.000ns

    Location             Delay type                Incr(ns)  Path(ns)    Netlist Resource(s)
  -------------------------------------------------------------------    -------------------
                         (clock clk_50mhz rise edge)
                                                      0.000     0.000 r  <hidden>
    B6                                                0.000     0.000 r  clk_50mhz
                         net (fo=0)                   0.000     0.000    clk_50mhz
    B6                   IBUF (Prop_ibuf_I_O)         1.500     1.500 r  clk_50mhz_IBUF_inst/O
                         net (fo=1, routed)           2.315     3.815    clk_50mhz_IBUF
    BUFGCTRL_X0Y16       BUFG (Prop_bufg_I_O)         0.096     3.911 r  clk_50mhz_IBUF_BUFG_inst/O
                         net (fo=144, routed)         1.715     5.627    clk_50mhz_IBUF_BUFG
    SLICE_X82Y92         FDCE                                         r  level_b_reg[0]/C
  -------------------------------------------------------------------    -------------------
    SLICE_X82Y92         FDCE (Prop_fdce_C_Q)         0.456     6.083 r  level_b_reg[0]/Q
                         net (fo=17, routed)          1.030     7.113    u_pwm_b/Q[0]
    SLICE_X81Y93         LUT4 (Prop_lut4_I2_O)        0.124     7.237 r  u_pwm_b/i___1_carry__0_i_6__1/O
                         net (fo=1, routed)           0.000     7.237    u_pwm_b/i___1_carry__0_i_6__1_n_0
    SLICE_X81Y93         CARRY4 (Prop_carry4_S[1]_CO[3])
                                                      0.550     7.787 r  u_pwm_b/threshold1_inferred__0/i___1_carry__0/CO[3]
                         net (fo=1, routed)           0.000     7.787    u_pwm_b/threshold1_inferred__0/i___1_carry__0_n_0
    SLICE_X81Y94         CARRY4 (Prop_carry4_CI_O[1])
                                                      0.334     8.121 r  u_pwm_b/threshold1_inferred__0/i___1_carry__1/O[1]
                         net (fo=5, routed)           1.035     9.156    u_pwm_b/threshold1_inferred__0/i___1_carry__1_n_6
    SLICE_X82Y94         LUT6 (Prop_lut6_I5_O)        0.303     9.459 r  u_pwm_b/pwm0_carry__0_i_18__1/O
                         net (fo=4, routed)           0.673    10.132    u_pwm_b/pwm0_carry__0_i_18__1_n_0
    SLICE_X82Y93         LUT6 (Prop_lut6_I5_O)        0.124    10.256 r  u_pwm_b/pwm0_carry__0_i_19__1/O
                         net (fo=3, routed)           1.012    11.268    u_pwm_b/pwm0_carry__0_i_19__1_n_0
    SLICE_X81Y91         LUT6 (Prop_lut6_I1_O)        0.124    11.392 r  u_pwm_b/pwm0_carry_i_18__1/O
                         net (fo=3, routed)           0.823    12.215    u_pwm_b/pwm0_carry_i_18__1_n_0
    SLICE_X80Y90         LUT6 (Prop_lut6_I1_O)        0.124    12.339 r  u_pwm_b/pwm0_carry_i_21__1/O
                         net (fo=3, routed)           0.824    13.163    u_pwm_b/pwm0_carry_i_21__1_n_0
    SLICE_X82Y89         LUT6 (Prop_lut6_I1_O)        0.124    13.287 f  u_pwm_b/pwm0_carry_i_26__1/O
                         net (fo=2, routed)           0.659    13.946    u_pwm_b/pwm0_carry_i_26__1_n_0
    SLICE_X82Y89         LUT6 (Prop_lut6_I4_O)        0.124    14.070 r  u_pwm_b/pwm0_carry_i_16__1/O
                         net (fo=2, routed)           0.647    14.717    u_pwm_b/threshold__15[0]
    SLICE_X82Y90         LUT4 (Prop_lut4_I0_O)        0.124    14.841 r  u_pwm_b/pwm0_carry_i_8__1/O
                         net (fo=1, routed)           0.000    14.841    u_pwm_b/pwm0_carry_i_8__1_n_0
    SLICE_X82Y90         CARRY4 (Prop_carry4_S[0]_CO[3])
                                                      0.532    15.373 r  u_pwm_b/pwm0_carry/CO[3]
                         net (fo=1, routed)           0.000    15.373    u_pwm_b/pwm0_carry_n_0
    SLICE_X82Y91         CARRY4 (Prop_carry4_CI_CO[3])
                                                      0.114    15.487 r  u_pwm_b/pwm0_carry__0/CO[3]
                         net (fo=4, routed)           0.673    16.161    u_pwm_b/p_0_in
    SLICE_X83Y90         FDCE                                         r  u_pwm_b/pwm_reg_lopt_replica_3/D
  -------------------------------------------------------------------    -------------------

                         (clock clk_50mhz rise edge)
                                                     20.000    20.000 r  <hidden>
    B6                                                0.000    20.000 r  clk_50mhz
                         net (fo=0)                   0.000    20.000    clk_50mhz
    B6                   IBUF (Prop_ibuf_I_O)         1.429    21.429 r  clk_50mhz_IBUF_inst/O
                         net (fo=1, routed)           2.196    23.625    clk_50mhz_IBUF
    BUFGCTRL_X0Y16       BUFG (Prop_bufg_I_O)         0.091    23.716 r  clk_50mhz_IBUF_BUFG_inst/O
                         net (fo=144, routed)         1.594    25.311    u_pwm_b/CLK
    SLICE_X83Y90         FDCE                                         r  u_pwm_b/pwm_reg_lopt_replica_3/C
                         clock pessimism              0.290    25.601    <hidden>
                         clock uncertainty           -0.035    25.565    <hidden>
    SLICE_X83Y90         FDCE (Setup_fdce_C_D)        0.138    25.703    u_pwm_b/pwm_reg_lopt_replica_3
  -------------------------------------------------------------------
                         required time                         25.703    <hidden>
                         arrival time                         -16.161    <hidden>
  -------------------------------------------------------------------
                         slack                                  9.543    <hidden>

Slack (MET) :             10.175ns  (required time - arrival time)
  Source:                 level_g_reg[2]/C
                            (rising edge-triggered cell FDCE clocked by clk_50mhz  {rise@0.000ns fall@10.000ns period=20.000ns})
  Destination:            u_pwm_g/pwm_reg/D
                            (rising edge-triggered cell FDCE clocked by clk_50mhz  {rise@0.000ns fall@10.000ns period=20.000ns})
  Path Group:             clk_50mhz
  Path Type:              Setup (Max at Slow Process Corner)
  Requirement:            20.000ns  (clk_50mhz rise@20.000ns - clk_50mhz rise@0.000ns)
  Data Path Delay:        9.903ns  (logic 3.395ns (34.282%)  route 6.508ns (65.717%))
  Logic Levels:           13  (CARRY4=5 LUT2=1 LUT3=1 LUT5=1 LUT6=5)
  Clock Path Skew:        -0.025ns (DCD - SCD + CPR)
    Destination Clock Delay (DCD):    5.295ns = ( 25.295 - 20.000 ) 
    Source Clock Delay      (SCD):    5.610ns
    Clock Pessimism Removal (CPR):    0.290ns
  Clock Uncertainty:      0.035ns  ((TSJ^2 + TIJ^2)^1/2 + DJ) / 2 + PE
    Total System Jitter     (TSJ):    0.071ns
    Total Input Jitter      (TIJ):    0.000ns
    Discrete Jitter          (DJ):    0.000ns
    Phase Error              (PE):    0.000ns

    Location             Delay type                Incr(ns)  Path(ns)    Netlist Resource(s)
  -------------------------------------------------------------------    -------------------
                         (clock clk_50mhz rise edge)
                                                      0.000     0.000 r  <hidden>
    B6                                                0.000     0.000 r  clk_50mhz
                         net (fo=0)                   0.000     0.000    clk_50mhz
    B6                   IBUF (Prop_ibuf_I_O)         1.500     1.500 r  clk_50mhz_IBUF_inst/O
                         net (fo=1, routed)           2.315     3.815    clk_50mhz_IBUF
    BUFGCTRL_X0Y16       BUFG (Prop_bufg_I_O)         0.096     3.911 r  clk_50mhz_IBUF_BUFG_inst/O
                         net (fo=144, routed)         1.699     5.610    clk_50mhz_IBUF_BUFG
    SLICE_X79Y106        FDCE                                         r  level_g_reg[2]/C
  -------------------------------------------------------------------    -------------------
    SLICE_X79Y106        FDCE (Prop_fdce_C_Q)         0.419     6.029 r  level_g_reg[2]/Q
                         net (fo=18, routed)          0.934     6.963    u_pwm_g/Q[2]
    SLICE_X80Y105        LUT2 (Prop_lut2_I0_O)        0.296     7.259 r  u_pwm_g/i___1_carry_i_4__0/O
                         net (fo=1, routed)           0.000     7.259    u_pwm_g/i___1_carry_i_4__0_n_0
    SLICE_X80Y105        CARRY4 (Prop_carry4_S[1]_CO[3])
                                                      0.533     7.792 r  u_pwm_g/threshold1_inferred__0/i___1_carry/CO[3]
                         net (fo=1, routed)           0.000     7.792    u_pwm_g/threshold1_inferred__0/i___1_carry_n_0
    SLICE_X80Y106        CARRY4 (Prop_carry4_CI_CO[3])
                                                      0.117     7.909 r  u_pwm_g/threshold1_inferred__0/i___1_carry__0/CO[3]
                         net (fo=1, routed)           0.000     7.909    u_pwm_g/threshold1_inferred__0/i___1_carry__0_n_0
    SLICE_X80Y107        CARRY4 (Prop_carry4_CI_O[3])
                                                      0.315     8.224 r  u_pwm_g/threshold1_inferred__0/i___1_carry__1/O[3]
                         net (fo=6, routed)           0.915     9.139    u_pwm_g/threshold1_inferred__0/i___1_carry__1_n_4
    SLICE_X81Y107        LUT6 (Prop_lut6_I3_O)        0.307     9.446 r  u_pwm_g/pwm0_carry__0_i_17__0/O
                         net (fo=3, routed)           0.979    10.425    u_pwm_g/pwm0_carry__0_i_17__0_n_0
    SLICE_X78Y106        LUT6 (Prop_lut6_I0_O)        0.124    10.549 r  u_pwm_g/pwm0_carry__0_i_13__0/O
                         net (fo=7, routed)           0.847    11.396    u_pwm_g/threshold0__443[10]
    SLICE_X79Y105        LUT3 (Prop_lut3_I2_O)        0.124    11.520 r  u_pwm_g/pwm0_carry_i_20__0/O
                         net (fo=1, routed)           0.962    12.482    u_pwm_g/pwm0_carry_i_20__0_n_0
    SLICE_X79Y105        LUT6 (Prop_lut6_I0_O)        0.124    12.606 r  u_pwm_g/pwm0_carry_i_11__0/O
                         net (fo=3, routed)           0.434    13.040    u_pwm_g/threshold0__443[7]
    SLICE_X80Y104        LUT6 (Prop_lut6_I2_O)        0.124    13.164 r  u_pwm_g/pwm0_carry_i_13__0/O
                         net (fo=4, routed)           0.817    13.981    u_pwm_g/threshold0__443[5]
    SLICE_X80Y104        LUT6 (Prop_lut6_I2_O)        0.124    14.105 r  u_pwm_g/pwm0_carry_i_15__0/O
                         net (fo=2, routed)           0.620    14.725    u_pwm_g/threshold0__443[3]
    SLICE_X81Y104        LUT5 (Prop_lut5_I3_O)        0.124    14.849 r  u_pwm_g/pwm0_carry_i_7__0/O
                         net (fo=1, routed)           0.000    14.849    u_pwm_g/pwm0_carry_i_7__0_n_0
    SLICE_X81Y104        CARRY4 (Prop_carry4_S[1]_CO[3])
                                                      0.550    15.399 r  u_pwm_g/pwm0_carry/CO[3]
                         net (fo=1, routed)           0.000    15.399    u_pwm_g/pwm0_carry_n_0
    SLICE_X81Y105        CARRY4 (Prop_carry4_CI_CO[3])
                                                      0.114    15.513 r  u_pwm_g/pwm0_carry__0/CO[3]
                         net (fo=4, routed)           0.000    15.513    u_pwm_g/p_0_in
    SLICE_X81Y105        FDCE                                         r  u_pwm_g/pwm_reg/D
  -------------------------------------------------------------------    -------------------

                         (clock clk_50mhz rise edge)
                                                     20.000    20.000 r  <hidden>
    B6                                                0.000    20.000 r  clk_50mhz
                         net (fo=0)                   0.000    20.000    clk_50mhz
    B6                   IBUF (Prop_ibuf_I_O)         1.429    21.429 r  clk_50mhz_IBUF_inst/O
                         net (fo=1, routed)           2.196    23.625    clk_50mhz_IBUF
    BUFGCTRL_X0Y16       BUFG (Prop_bufg_I_O)         0.091    23.716 r  clk_50mhz_IBUF_BUFG_inst/O
                         net (fo=144, routed)         1.579    25.295    u_pwm_g/CLK
    SLICE_X81Y105        FDCE                                         r  u_pwm_g/pwm_reg/C
                         clock pessimism              0.290    25.585    <hidden>
                         clock uncertainty           -0.035    25.550    <hidden>
    SLICE_X81Y105        FDCE (Setup_fdce_C_D)        0.138    25.688    u_pwm_g/pwm_reg
  -------------------------------------------------------------------
                         required time                         25.688    <hidden>
                         arrival time                         -15.513    <hidden>
  -------------------------------------------------------------------
                         slack                                 10.175    <hidden>





Min Delay Paths
--------------------------------------------------------------------------------------
Slack (MET) :             0.122ns  (arrival time - required time)
  Source:                 u_button_g/button_meta_reg/C
                            (rising edge-triggered cell FDCE clocked by clk_50mhz  {rise@0.000ns fall@10.000ns period=20.000ns})
  Destination:            u_button_g/button_sync_reg/D
                            (rising edge-triggered cell FDCE clocked by clk_50mhz  {rise@0.000ns fall@10.000ns period=20.000ns})
  Path Group:             clk_50mhz
  Path Type:              Hold (Min at Fast Process Corner)
  Requirement:            0.000ns  (clk_50mhz rise@0.000ns - clk_50mhz rise@0.000ns)
  Data Path Delay:        0.197ns  (logic 0.141ns (71.611%)  route 0.056ns (28.389%))
  Logic Levels:           0  
  Clock Path Skew:        0.000ns (DCD - SCD - CPR)
    Destination Clock Delay (DCD):    2.222ns
    Source Clock Delay      (SCD):    1.696ns
    Clock Pessimism Removal (CPR):    0.526ns

    Location             Delay type                Incr(ns)  Path(ns)    Netlist Resource(s)
  -------------------------------------------------------------------    -------------------
                         (clock clk_50mhz rise edge)
                                                      0.000     0.000 r  <hidden>
    B6                                                0.000     0.000 r  clk_50mhz
                         net (fo=0)                   0.000     0.000    clk_50mhz
    B6                   IBUF (Prop_ibuf_I_O)         0.268     0.268 r  clk_50mhz_IBUF_inst/O
                         net (fo=1, routed)           0.808     1.075    clk_50mhz_IBUF
    BUFGCTRL_X0Y16       BUFG (Prop_bufg_I_O)         0.026     1.101 r  clk_50mhz_IBUF_BUFG_inst/O
                         net (fo=144, routed)         0.595     1.696    u_button_g/CLK
    SLICE_X81Y100        FDCE                                         r  u_button_g/button_meta_reg/C
  -------------------------------------------------------------------    -------------------
    SLICE_X81Y100        FDCE (Prop_fdce_C_Q)         0.141     1.837 r  u_button_g/button_meta_reg/Q
                         net (fo=1, routed)           0.056     1.893    u_button_g/button_meta
    SLICE_X81Y100        FDCE                                         r  u_button_g/button_sync_reg/D
  -------------------------------------------------------------------    -------------------

                         (clock clk_50mhz rise edge)
                                                      0.000     0.000 r  <hidden>
    B6                                                0.000     0.000 r  clk_50mhz
                         net (fo=0)                   0.000     0.000    clk_50mhz
    B6                   IBUF (Prop_ibuf_I_O)         0.456     0.456 r  clk_50mhz_IBUF_inst/O
                         net (fo=1, routed)           0.871     1.327    clk_50mhz_IBUF
    BUFGCTRL_X0Y16       BUFG (Prop_bufg_I_O)         0.029     1.356 r  clk_50mhz_IBUF_BUFG_inst/O
                         net (fo=144, routed)         0.867     2.222    u_button_g/CLK
    SLICE_X81Y100        FDCE                                         r  u_button_g/button_sync_reg/C
                         clock pessimism             -0.526     1.696    <hidden>
    SLICE_X81Y100        FDCE (Hold_fdce_C_D)         0.075     1.771    u_button_g/button_sync_reg
  -------------------------------------------------------------------
                         required time                         -1.771    <hidden>
                         arrival time                           1.893    <hidden>
  -------------------------------------------------------------------
                         slack                                  0.122    <hidden>

Slack (MET) :             0.122ns  (arrival time - required time)
  Source:                 u_button_b/button_meta_reg/C
                            (rising edge-triggered cell FDCE clocked by clk_50mhz  {rise@0.000ns fall@10.000ns period=20.000ns})
  Destination:            u_button_b/button_sync_reg/D
                            (rising edge-triggered cell FDCE clocked by clk_50mhz  {rise@0.000ns fall@10.000ns period=20.000ns})
  Path Group:             clk_50mhz
  Path Type:              Hold (Min at Fast Process Corner)
  Requirement:            0.000ns  (clk_50mhz rise@0.000ns - clk_50mhz rise@0.000ns)
  Data Path Delay:        0.197ns  (logic 0.141ns (71.611%)  route 0.056ns (28.389%))
  Logic Levels:           0  
  Clock Path Skew:        0.000ns (DCD - SCD - CPR)
    Destination Clock Delay (DCD):    2.226ns
    Source Clock Delay      (SCD):    1.700ns
    Clock Pessimism Removal (CPR):    0.526ns

    Location             Delay type                Incr(ns)  Path(ns)    Netlist Resource(s)
  -------------------------------------------------------------------    -------------------
                         (clock clk_50mhz rise edge)
                                                      0.000     0.000 r  <hidden>
    B6                                                0.000     0.000 r  clk_50mhz
                         net (fo=0)                   0.000     0.000    clk_50mhz
    B6                   IBUF (Prop_ibuf_I_O)         0.268     0.268 r  clk_50mhz_IBUF_inst/O
                         net (fo=1, routed)           0.808     1.075    clk_50mhz_IBUF
    BUFGCTRL_X0Y16       BUFG (Prop_bufg_I_O)         0.026     1.101 r  clk_50mhz_IBUF_BUFG_inst/O
                         net (fo=144, routed)         0.599     1.700    u_button_b/CLK
    SLICE_X79Y92         FDCE                                         r  u_button_b/button_meta_reg/C
  -------------------------------------------------------------------    -------------------
    SLICE_X79Y92         FDCE (Prop_fdce_C_Q)         0.141     1.841 r  u_button_b/button_meta_reg/Q
                         net (fo=1, routed)           0.056     1.897    u_button_b/button_meta
    SLICE_X79Y92         FDCE                                         r  u_button_b/button_sync_reg/D
  -------------------------------------------------------------------    -------------------

                         (clock clk_50mhz rise edge)
                                                      0.000     0.000 r  <hidden>
    B6                                                0.000     0.000 r  clk_50mhz
                         net (fo=0)                   0.000     0.000    clk_50mhz
    B6                   IBUF (Prop_ibuf_I_O)         0.456     0.456 r  clk_50mhz_IBUF_inst/O
                         net (fo=1, routed)           0.871     1.327    clk_50mhz_IBUF
    BUFGCTRL_X0Y16       BUFG (Prop_bufg_I_O)         0.029     1.356 r  clk_50mhz_IBUF_BUFG_inst/O
                         net (fo=144, routed)         0.871     2.226    u_button_b/CLK
    SLICE_X79Y92         FDCE                                         r  u_button_b/button_sync_reg/C
                         clock pessimism             -0.526     1.700    <hidden>
    SLICE_X79Y92         FDCE (Hold_fdce_C_D)         0.075     1.775    u_button_b/button_sync_reg
  -------------------------------------------------------------------
                         required time                         -1.775    <hidden>
                         arrival time                           1.897    <hidden>
  -------------------------------------------------------------------
                         slack                                  0.122    <hidden>

Slack (MET) :             0.160ns  (arrival time - required time)
  Source:                 u_button_r/button_meta_reg/C
                            (rising edge-triggered cell FDCE clocked by clk_50mhz  {rise@0.000ns fall@10.000ns period=20.000ns})
  Destination:            u_button_r/button_sync_reg/D
                            (rising edge-triggered cell FDCE clocked by clk_50mhz  {rise@0.000ns fall@10.000ns period=20.000ns})
  Path Group:             clk_50mhz
  Path Type:              Hold (Min at Fast Process Corner)
  Requirement:            0.000ns  (clk_50mhz rise@0.000ns - clk_50mhz rise@0.000ns)
  Data Path Delay:        0.220ns  (logic 0.164ns (74.580%)  route 0.056ns (25.420%))
  Logic Levels:           0  
  Clock Path Skew:        0.000ns (DCD - SCD - CPR)
    Destination Clock Delay (DCD):    2.218ns
    Source Clock Delay      (SCD):    1.693ns
    Clock Pessimism Removal (CPR):    0.525ns

    Location             Delay type                Incr(ns)  Path(ns)    Netlist Resource(s)
  -------------------------------------------------------------------    -------------------
                         (clock clk_50mhz rise edge)
                                                      0.000     0.000 r  <hidden>
    B6                                                0.000     0.000 r  clk_50mhz
                         net (fo=0)                   0.000     0.000    clk_50mhz
    B6                   IBUF (Prop_ibuf_I_O)         0.268     0.268 r  clk_50mhz_IBUF_inst/O
                         net (fo=1, routed)           0.808     1.075    clk_50mhz_IBUF
    BUFGCTRL_X0Y16       BUFG (Prop_bufg_I_O)         0.026     1.101 r  clk_50mhz_IBUF_BUFG_inst/O
                         net (fo=144, routed)         0.592     1.693    u_button_r/CLK
    SLICE_X72Y98         FDCE                                         r  u_button_r/button_meta_reg/C
  -------------------------------------------------------------------    -------------------
    SLICE_X72Y98         FDCE (Prop_fdce_C_Q)         0.164     1.857 r  u_button_r/button_meta_reg/Q
                         net (fo=1, routed)           0.056     1.913    u_button_r/button_meta
    SLICE_X72Y98         FDCE                                         r  u_button_r/button_sync_reg/D
  -------------------------------------------------------------------    -------------------

                         (clock clk_50mhz rise edge)
                                                      0.000     0.000 r  <hidden>
    B6                                                0.000     0.000 r  clk_50mhz
                         net (fo=0)                   0.000     0.000    clk_50mhz
    B6                   IBUF (Prop_ibuf_I_O)         0.456     0.456 r  clk_50mhz_IBUF_inst/O
                         net (fo=1, routed)           0.871     1.327    clk_50mhz_IBUF
    BUFGCTRL_X0Y16       BUFG (Prop_bufg_I_O)         0.029     1.356 r  clk_50mhz_IBUF_BUFG_inst/O
                         net (fo=144, routed)         0.863     2.218    u_button_r/CLK
    SLICE_X72Y98         FDCE                                         r  u_button_r/button_sync_reg/C
                         clock pessimism             -0.525     1.693    <hidden>
    SLICE_X72Y98         FDCE (Hold_fdce_C_D)         0.060     1.753    u_button_r/button_sync_reg
  -------------------------------------------------------------------
                         required time                         -1.753    <hidden>
                         arrival time                           1.913    <hidden>
  -------------------------------------------------------------------
                         slack                                  0.160    <hidden>

Slack (MET) :             0.172ns  (arrival time - required time)
  Source:                 u_button_g/pulse_reg/C
                            (rising edge-triggered cell FDCE clocked by clk_50mhz  {rise@0.000ns fall@10.000ns period=20.000ns})
  Destination:            level_g_reg[0]/CE
                            (rising edge-triggered cell FDCE clocked by clk_50mhz  {rise@0.000ns fall@10.000ns period=20.000ns})
  Path Group:             clk_50mhz
  Path Type:              Hold (Min at Fast Process Corner)
  Requirement:            0.000ns  (clk_50mhz rise@0.000ns - clk_50mhz rise@0.000ns)
  Data Path Delay:        0.398ns  (logic 0.141ns (35.463%)  route 0.257ns (64.537%))
  Logic Levels:           0  
  Clock Path Skew:        0.265ns (DCD - SCD - CPR)
    Destination Clock Delay (DCD):    2.221ns
    Source Clock Delay      (SCD):    1.702ns
    Clock Pessimism Removal (CPR):    0.254ns

    Location             Delay type                Incr(ns)  Path(ns)    Netlist Resource(s)
  -------------------------------------------------------------------    -------------------
                         (clock clk_50mhz rise edge)
                                                      0.000     0.000 r  <hidden>
    B6                                                0.000     0.000 r  clk_50mhz
                         net (fo=0)                   0.000     0.000    clk_50mhz
    B6                   IBUF (Prop_ibuf_I_O)         0.268     0.268 r  clk_50mhz_IBUF_inst/O
                         net (fo=1, routed)           0.808     1.075    clk_50mhz_IBUF
    BUFGCTRL_X0Y16       BUFG (Prop_bufg_I_O)         0.026     1.101 r  clk_50mhz_IBUF_BUFG_inst/O
                         net (fo=144, routed)         0.601     1.702    u_button_g/CLK
    SLICE_X79Y99         FDCE                                         r  u_button_g/pulse_reg/C
  -------------------------------------------------------------------    -------------------
    SLICE_X79Y99         FDCE (Prop_fdce_C_Q)         0.141     1.843 r  u_button_g/pulse_reg/Q
                         net (fo=4, routed)           0.257     2.100    press_g
    SLICE_X79Y106        FDCE                                         r  level_g_reg[0]/CE
  -------------------------------------------------------------------    -------------------

                         (clock clk_50mhz rise edge)
                                                      0.000     0.000 r  <hidden>
    B6                                                0.000     0.000 r  clk_50mhz
                         net (fo=0)                   0.000     0.000    clk_50mhz
    B6                   IBUF (Prop_ibuf_I_O)         0.456     0.456 r  clk_50mhz_IBUF_inst/O
                         net (fo=1, routed)           0.871     1.327    clk_50mhz_IBUF
    BUFGCTRL_X0Y16       BUFG (Prop_bufg_I_O)         0.029     1.356 r  clk_50mhz_IBUF_BUFG_inst/O
                         net (fo=144, routed)         0.866     2.221    clk_50mhz_IBUF_BUFG
    SLICE_X79Y106        FDCE                                         r  level_g_reg[0]/C
                         clock pessimism             -0.254     1.967    <hidden>
    SLICE_X79Y106        FDCE (Hold_fdce_C_CE)       -0.039     1.928    level_g_reg[0]
  -------------------------------------------------------------------
                         required time                         -1.928    <hidden>
                         arrival time                           2.100    <hidden>
  -------------------------------------------------------------------
                         slack                                  0.172    <hidden>

Slack (MET) :             0.172ns  (arrival time - required time)
  Source:                 u_button_g/pulse_reg/C
                            (rising edge-triggered cell FDCE clocked by clk_50mhz  {rise@0.000ns fall@10.000ns period=20.000ns})
  Destination:            level_g_reg[1]/CE
                            (rising edge-triggered cell FDCE clocked by clk_50mhz  {rise@0.000ns fall@10.000ns period=20.000ns})
  Path Group:             clk_50mhz
  Path Type:              Hold (Min at Fast Process Corner)
  Requirement:            0.000ns  (clk_50mhz rise@0.000ns - clk_50mhz rise@0.000ns)
  Data Path Delay:        0.398ns  (logic 0.141ns (35.463%)  route 0.257ns (64.537%))
  Logic Levels:           0  
  Clock Path Skew:        0.265ns (DCD - SCD - CPR)
    Destination Clock Delay (DCD):    2.221ns
    Source Clock Delay      (SCD):    1.702ns
    Clock Pessimism Removal (CPR):    0.254ns

    Location             Delay type                Incr(ns)  Path(ns)    Netlist Resource(s)
  -------------------------------------------------------------------    -------------------
                         (clock clk_50mhz rise edge)
                                                      0.000     0.000 r  <hidden>
    B6                                                0.000     0.000 r  clk_50mhz
                         net (fo=0)                   0.000     0.000    clk_50mhz
    B6                   IBUF (Prop_ibuf_I_O)         0.268     0.268 r  clk_50mhz_IBUF_inst/O
                         net (fo=1, routed)           0.808     1.075    clk_50mhz_IBUF
    BUFGCTRL_X0Y16       BUFG (Prop_bufg_I_O)         0.026     1.101 r  clk_50mhz_IBUF_BUFG_inst/O
                         net (fo=144, routed)         0.601     1.702    u_button_g/CLK
    SLICE_X79Y99         FDCE                                         r  u_button_g/pulse_reg/C
  -------------------------------------------------------------------    -------------------
    SLICE_X79Y99         FDCE (Prop_fdce_C_Q)         0.141     1.843 r  u_button_g/pulse_reg/Q
                         net (fo=4, routed)           0.257     2.100    press_g
    SLICE_X79Y106        FDCE                                         r  level_g_reg[1]/CE
  -------------------------------------------------------------------    -------------------

                         (clock clk_50mhz rise edge)
                                                      0.000     0.000 r  <hidden>
    B6                                                0.000     0.000 r  clk_50mhz
                         net (fo=0)                   0.000     0.000    clk_50mhz
    B6                   IBUF (Prop_ibuf_I_O)         0.456     0.456 r  clk_50mhz_IBUF_inst/O
                         net (fo=1, routed)           0.871     1.327    clk_50mhz_IBUF
    BUFGCTRL_X0Y16       BUFG (Prop_bufg_I_O)         0.029     1.356 r  clk_50mhz_IBUF_BUFG_inst/O
                         net (fo=144, routed)         0.866     2.221    clk_50mhz_IBUF_BUFG
    SLICE_X79Y106        FDCE                                         r  level_g_reg[1]/C
                         clock pessimism             -0.254     1.967    <hidden>
    SLICE_X79Y106        FDCE (Hold_fdce_C_CE)       -0.039     1.928    level_g_reg[1]
  -------------------------------------------------------------------
                         required time                         -1.928    <hidden>
                         arrival time                           2.100    <hidden>
  -------------------------------------------------------------------
                         slack                                  0.172    <hidden>

Slack (MET) :             0.172ns  (arrival time - required time)
  Source:                 u_button_g/pulse_reg/C
                            (rising edge-triggered cell FDCE clocked by clk_50mhz  {rise@0.000ns fall@10.000ns period=20.000ns})
  Destination:            level_g_reg[2]/CE
                            (rising edge-triggered cell FDCE clocked by clk_50mhz  {rise@0.000ns fall@10.000ns period=20.000ns})
  Path Group:             clk_50mhz
  Path Type:              Hold (Min at Fast Process Corner)
  Requirement:            0.000ns  (clk_50mhz rise@0.000ns - clk_50mhz rise@0.000ns)
  Data Path Delay:        0.398ns  (logic 0.141ns (35.463%)  route 0.257ns (64.537%))
  Logic Levels:           0  
  Clock Path Skew:        0.265ns (DCD - SCD - CPR)
    Destination Clock Delay (DCD):    2.221ns
    Source Clock Delay      (SCD):    1.702ns
    Clock Pessimism Removal (CPR):    0.254ns

    Location             Delay type                Incr(ns)  Path(ns)    Netlist Resource(s)
  -------------------------------------------------------------------    -------------------
                         (clock clk_50mhz rise edge)
                                                      0.000     0.000 r  <hidden>
    B6                                                0.000     0.000 r  clk_50mhz
                         net (fo=0)                   0.000     0.000    clk_50mhz
    B6                   IBUF (Prop_ibuf_I_O)         0.268     0.268 r  clk_50mhz_IBUF_inst/O
                         net (fo=1, routed)           0.808     1.075    clk_50mhz_IBUF
    BUFGCTRL_X0Y16       BUFG (Prop_bufg_I_O)         0.026     1.101 r  clk_50mhz_IBUF_BUFG_inst/O
                         net (fo=144, routed)         0.601     1.702    u_button_g/CLK
    SLICE_X79Y99         FDCE                                         r  u_button_g/pulse_reg/C
  -------------------------------------------------------------------    -------------------
    SLICE_X79Y99         FDCE (Prop_fdce_C_Q)         0.141     1.843 r  u_button_g/pulse_reg/Q
                         net (fo=4, routed)           0.257     2.100    press_g
    SLICE_X79Y106        FDCE                                         r  level_g_reg[2]/CE
  -------------------------------------------------------------------    -------------------

                         (clock clk_50mhz rise edge)
                                                      0.000     0.000 r  <hidden>
    B6                                                0.000     0.000 r  clk_50mhz
                         net (fo=0)                   0.000     0.000    clk_50mhz
    B6                   IBUF (Prop_ibuf_I_O)         0.456     0.456 r  clk_50mhz_IBUF_inst/O
                         net (fo=1, routed)           0.871     1.327    clk_50mhz_IBUF
    BUFGCTRL_X0Y16       BUFG (Prop_bufg_I_O)         0.029     1.356 r  clk_50mhz_IBUF_BUFG_inst/O
                         net (fo=144, routed)         0.866     2.221    clk_50mhz_IBUF_BUFG
    SLICE_X79Y106        FDCE                                         r  level_g_reg[2]/C
                         clock pessimism             -0.254     1.967    <hidden>
    SLICE_X79Y106        FDCE (Hold_fdce_C_CE)       -0.039     1.928    level_g_reg[2]
  -------------------------------------------------------------------
                         required time                         -1.928    <hidden>
                         arrival time                           2.100    <hidden>
  -------------------------------------------------------------------
                         slack                                  0.172    <hidden>

Slack (MET) :             0.172ns  (arrival time - required time)
  Source:                 u_button_g/pulse_reg/C
                            (rising edge-triggered cell FDCE clocked by clk_50mhz  {rise@0.000ns fall@10.000ns period=20.000ns})
  Destination:            level_g_reg[3]/CE
                            (rising edge-triggered cell FDCE clocked by clk_50mhz  {rise@0.000ns fall@10.000ns period=20.000ns})
  Path Group:             clk_50mhz
  Path Type:              Hold (Min at Fast Process Corner)
  Requirement:            0.000ns  (clk_50mhz rise@0.000ns - clk_50mhz rise@0.000ns)
  Data Path Delay:        0.398ns  (logic 0.141ns (35.463%)  route 0.257ns (64.537%))
  Logic Levels:           0  
  Clock Path Skew:        0.265ns (DCD - SCD - CPR)
    Destination Clock Delay (DCD):    2.221ns
    Source Clock Delay      (SCD):    1.702ns
    Clock Pessimism Removal (CPR):    0.254ns

    Location             Delay type                Incr(ns)  Path(ns)    Netlist Resource(s)
  -------------------------------------------------------------------    -------------------
                         (clock clk_50mhz rise edge)
                                                      0.000     0.000 r  <hidden>
    B6                                                0.000     0.000 r  clk_50mhz
                         net (fo=0)                   0.000     0.000    clk_50mhz
    B6                   IBUF (Prop_ibuf_I_O)         0.268     0.268 r  clk_50mhz_IBUF_inst/O
                         net (fo=1, routed)           0.808     1.075    clk_50mhz_IBUF
    BUFGCTRL_X0Y16       BUFG (Prop_bufg_I_O)         0.026     1.101 r  clk_50mhz_IBUF_BUFG_inst/O
                         net (fo=144, routed)         0.601     1.702    u_button_g/CLK
    SLICE_X79Y99         FDCE                                         r  u_button_g/pulse_reg/C
  -------------------------------------------------------------------    -------------------
    SLICE_X79Y99         FDCE (Prop_fdce_C_Q)         0.141     1.843 r  u_button_g/pulse_reg/Q
                         net (fo=4, routed)           0.257     2.100    press_g
    SLICE_X79Y106        FDCE                                         r  level_g_reg[3]/CE
  -------------------------------------------------------------------    -------------------

                         (clock clk_50mhz rise edge)
                                                      0.000     0.000 r  <hidden>
    B6                                                0.000     0.000 r  clk_50mhz
                         net (fo=0)                   0.000     0.000    clk_50mhz
    B6                   IBUF (Prop_ibuf_I_O)         0.456     0.456 r  clk_50mhz_IBUF_inst/O
                         net (fo=1, routed)           0.871     1.327    clk_50mhz_IBUF
    BUFGCTRL_X0Y16       BUFG (Prop_bufg_I_O)         0.029     1.356 r  clk_50mhz_IBUF_BUFG_inst/O
                         net (fo=144, routed)         0.866     2.221    clk_50mhz_IBUF_BUFG
    SLICE_X79Y106        FDCE                                         r  level_g_reg[3]/C
                         clock pessimism             -0.254     1.967    <hidden>
    SLICE_X79Y106        FDCE (Hold_fdce_C_CE)       -0.039     1.928    level_g_reg[3]
  -------------------------------------------------------------------
                         required time                         -1.928    <hidden>
                         arrival time                           2.100    <hidden>
  -------------------------------------------------------------------
                         slack                                  0.172    <hidden>

Slack (MET) :             0.180ns  (arrival time - required time)
  Source:                 u_button_g/button_sync_reg/C
                            (rising edge-triggered cell FDCE clocked by clk_50mhz  {rise@0.000ns fall@10.000ns period=20.000ns})
  Destination:            u_button_g/pulse_reg/D
                            (rising edge-triggered cell FDCE clocked by clk_50mhz  {rise@0.000ns fall@10.000ns period=20.000ns})
  Path Group:             clk_50mhz
  Path Type:              Hold (Min at Fast Process Corner)
  Requirement:            0.000ns  (clk_50mhz rise@0.000ns - clk_50mhz rise@0.000ns)
  Data Path Delay:        0.549ns  (logic 0.227ns (41.380%)  route 0.322ns (58.620%))
  Logic Levels:           1  (LUT3=1)
  Clock Path Skew:        0.278ns (DCD - SCD - CPR)
    Destination Clock Delay (DCD):    2.228ns
    Source Clock Delay      (SCD):    1.696ns
    Clock Pessimism Removal (CPR):    0.254ns

    Location             Delay type                Incr(ns)  Path(ns)    Netlist Resource(s)
  -------------------------------------------------------------------    -------------------
                         (clock clk_50mhz rise edge)
                                                      0.000     0.000 r  <hidden>
    B6                                                0.000     0.000 r  clk_50mhz
                         net (fo=0)                   0.000     0.000    clk_50mhz
    B6                   IBUF (Prop_ibuf_I_O)         0.268     0.268 r  clk_50mhz_IBUF_inst/O
                         net (fo=1, routed)           0.808     1.075    clk_50mhz_IBUF
    BUFGCTRL_X0Y16       BUFG (Prop_bufg_I_O)         0.026     1.101 r  clk_50mhz_IBUF_BUFG_inst/O
                         net (fo=144, routed)         0.595     1.696    u_button_g/CLK
    SLICE_X81Y100        FDCE                                         r  u_button_g/button_sync_reg/C
  -------------------------------------------------------------------    -------------------
    SLICE_X81Y100        FDCE (Prop_fdce_C_Q)         0.128     1.824 r  u_button_g/button_sync_reg/Q
                         net (fo=22, routed)          0.322     2.146    u_button_g/button_sync
    SLICE_X79Y99         LUT3 (Prop_lut3_I1_O)        0.099     2.245 r  u_button_g/pulse_i_1__0/O
                         net (fo=1, routed)           0.000     2.245    u_button_g/pulse1_out
    SLICE_X79Y99         FDCE                                         r  u_button_g/pulse_reg/D
  -------------------------------------------------------------------    -------------------

                         (clock clk_50mhz rise edge)
                                                      0.000     0.000 r  <hidden>
    B6                                                0.000     0.000 r  clk_50mhz
                         net (fo=0)                   0.000     0.000    clk_50mhz
    B6                   IBUF (Prop_ibuf_I_O)         0.456     0.456 r  clk_50mhz_IBUF_inst/O
                         net (fo=1, routed)           0.871     1.327    clk_50mhz_IBUF
    BUFGCTRL_X0Y16       BUFG (Prop_bufg_I_O)         0.029     1.356 r  clk_50mhz_IBUF_BUFG_inst/O
                         net (fo=144, routed)         0.873     2.228    u_button_g/CLK
    SLICE_X79Y99         FDCE                                         r  u_button_g/pulse_reg/C
                         clock pessimism             -0.254     1.974    <hidden>
    SLICE_X79Y99         FDCE (Hold_fdce_C_D)         0.091     2.065    u_button_g/pulse_reg
  -------------------------------------------------------------------
                         required time                         -2.065    <hidden>
                         arrival time                           2.245    <hidden>
  -------------------------------------------------------------------
                         slack                                  0.180    <hidden>

Slack (MET) :             0.210ns  (arrival time - required time)
  Source:                 u_button_r/accepted_reg/C
                            (rising edge-triggered cell FDCE clocked by clk_50mhz  {rise@0.000ns fall@10.000ns period=20.000ns})
  Destination:            u_button_r/stable_count_reg[5]/D
                            (rising edge-triggered cell FDCE clocked by clk_50mhz  {rise@0.000ns fall@10.000ns period=20.000ns})
  Path Group:             clk_50mhz
  Path Type:              Hold (Min at Fast Process Corner)
  Requirement:            0.000ns  (clk_50mhz rise@0.000ns - clk_50mhz rise@0.000ns)
  Data Path Delay:        0.343ns  (logic 0.186ns (54.256%)  route 0.157ns (45.744%))
  Logic Levels:           1  (LUT4=1)
  Clock Path Skew:        0.013ns (DCD - SCD - CPR)
    Destination Clock Delay (DCD):    2.217ns
    Source Clock Delay      (SCD):    1.692ns
    Clock Pessimism Removal (CPR):    0.512ns

    Location             Delay type                Incr(ns)  Path(ns)    Netlist Resource(s)
  -------------------------------------------------------------------    -------------------
                         (clock clk_50mhz rise edge)
                                                      0.000     0.000 r  <hidden>
    B6                                                0.000     0.000 r  clk_50mhz
                         net (fo=0)                   0.000     0.000    clk_50mhz
    B6                   IBUF (Prop_ibuf_I_O)         0.268     0.268 r  clk_50mhz_IBUF_inst/O
                         net (fo=1, routed)           0.808     1.075    clk_50mhz_IBUF
    BUFGCTRL_X0Y16       BUFG (Prop_bufg_I_O)         0.026     1.101 r  clk_50mhz_IBUF_BUFG_inst/O
                         net (fo=144, routed)         0.591     1.692    u_button_r/CLK
    SLICE_X71Y93         FDCE                                         r  u_button_r/accepted_reg/C
  -------------------------------------------------------------------    -------------------
    SLICE_X71Y93         FDCE (Prop_fdce_C_Q)         0.141     1.833 r  u_button_r/accepted_reg/Q
                         net (fo=22, routed)          0.157     1.990    u_button_r/accepted_reg_n_0
    SLICE_X70Y93         LUT4 (Prop_lut4_I2_O)        0.045     2.035 r  u_button_r/stable_count[5]_i_1/O
                         net (fo=1, routed)           0.000     2.035    u_button_r/stable_count[5]_i_1_n_0
    SLICE_X70Y93         FDCE                                         r  u_button_r/stable_count_reg[5]/D
  -------------------------------------------------------------------    -------------------

                         (clock clk_50mhz rise edge)
                                                      0.000     0.000 r  <hidden>
    B6                                                0.000     0.000 r  clk_50mhz
                         net (fo=0)                   0.000     0.000    clk_50mhz
    B6                   IBUF (Prop_ibuf_I_O)         0.456     0.456 r  clk_50mhz_IBUF_inst/O
                         net (fo=1, routed)           0.871     1.327    clk_50mhz_IBUF
    BUFGCTRL_X0Y16       BUFG (Prop_bufg_I_O)         0.029     1.356 r  clk_50mhz_IBUF_BUFG_inst/O
                         net (fo=144, routed)         0.862     2.217    u_button_r/CLK
    SLICE_X70Y93         FDCE                                         r  u_button_r/stable_count_reg[5]/C
                         clock pessimism             -0.512     1.705    <hidden>
    SLICE_X70Y93         FDCE (Hold_fdce_C_D)         0.120     1.825    u_button_r/stable_count_reg[5]
  -------------------------------------------------------------------
                         required time                         -1.825    <hidden>
                         arrival time                           2.035    <hidden>
  -------------------------------------------------------------------
                         slack                                  0.210    <hidden>

Slack (MET) :             0.213ns  (arrival time - required time)
  Source:                 u_button_r/accepted_reg/C
                            (rising edge-triggered cell FDCE clocked by clk_50mhz  {rise@0.000ns fall@10.000ns period=20.000ns})
  Destination:            u_button_r/stable_count_reg[6]/D
                            (rising edge-triggered cell FDCE clocked by clk_50mhz  {rise@0.000ns fall@10.000ns period=20.000ns})
  Path Group:             clk_50mhz
  Path Type:              Hold (Min at Fast Process Corner)
  Requirement:            0.000ns  (clk_50mhz rise@0.000ns - clk_50mhz rise@0.000ns)
  Data Path Delay:        0.347ns  (logic 0.186ns (53.630%)  route 0.161ns (46.370%))
  Logic Levels:           1  (LUT4=1)
  Clock Path Skew:        0.013ns (DCD - SCD - CPR)
    Destination Clock Delay (DCD):    2.217ns
    Source Clock Delay      (SCD):    1.692ns
    Clock Pessimism Removal (CPR):    0.512ns

    Location             Delay type                Incr(ns)  Path(ns)    Netlist Resource(s)
  -------------------------------------------------------------------    -------------------
                         (clock clk_50mhz rise edge)
                                                      0.000     0.000 r  <hidden>
    B6                                                0.000     0.000 r  clk_50mhz
                         net (fo=0)                   0.000     0.000    clk_50mhz
    B6                   IBUF (Prop_ibuf_I_O)         0.268     0.268 r  clk_50mhz_IBUF_inst/O
                         net (fo=1, routed)           0.808     1.075    clk_50mhz_IBUF
    BUFGCTRL_X0Y16       BUFG (Prop_bufg_I_O)         0.026     1.101 r  clk_50mhz_IBUF_BUFG_inst/O
                         net (fo=144, routed)         0.591     1.692    u_button_r/CLK
    SLICE_X71Y93         FDCE                                         r  u_button_r/accepted_reg/C
  -------------------------------------------------------------------    -------------------
    SLICE_X71Y93         FDCE (Prop_fdce_C_Q)         0.141     1.833 r  u_button_r/accepted_reg/Q
                         net (fo=22, routed)          0.161     1.994    u_button_r/accepted_reg_n_0
    SLICE_X70Y93         LUT4 (Prop_lut4_I2_O)        0.045     2.039 r  u_button_r/stable_count[6]_i_1/O
                         net (fo=1, routed)           0.000     2.039    u_button_r/stable_count[6]_i_1_n_0
    SLICE_X70Y93         FDCE                                         r  u_button_r/stable_count_reg[6]/D
  -------------------------------------------------------------------    -------------------

                         (clock clk_50mhz rise edge)
                                                      0.000     0.000 r  <hidden>
    B6                                                0.000     0.000 r  clk_50mhz
                         net (fo=0)                   0.000     0.000    clk_50mhz
    B6                   IBUF (Prop_ibuf_I_O)         0.456     0.456 r  clk_50mhz_IBUF_inst/O
                         net (fo=1, routed)           0.871     1.327    clk_50mhz_IBUF
    BUFGCTRL_X0Y16       BUFG (Prop_bufg_I_O)         0.029     1.356 r  clk_50mhz_IBUF_BUFG_inst/O
                         net (fo=144, routed)         0.862     2.217    u_button_r/CLK
    SLICE_X70Y93         FDCE                                         r  u_button_r/stable_count_reg[6]/C
                         clock pessimism             -0.512     1.705    <hidden>
    SLICE_X70Y93         FDCE (Hold_fdce_C_D)         0.121     1.826    u_button_r/stable_count_reg[6]
  -------------------------------------------------------------------
                         required time                         -1.826    <hidden>
                         arrival time                           2.039    <hidden>
  -------------------------------------------------------------------
                         slack                                  0.213    <hidden>





Pulse Width Checks
--------------------------------------------------------------------------------------
Clock Name:         clk_50mhz
Waveform(ns):       { 0.000 10.000 }
Period(ns):         20.000
Sources:            { clk_50mhz }

Check Type        Corner  Lib Pin  Reference Pin  Required(ns)  Actual(ns)  Slack(ns)  Location        Pin
Min Period        n/a     BUFG/I   n/a            2.155         20.000      17.845     BUFGCTRL_X0Y16  clk_50mhz_IBUF_BUFG_inst/I
Min Period        n/a     FDCE/C   n/a            1.000         20.000      19.000     SLICE_X82Y92    level_b_reg[0]/C
Min Period        n/a     FDCE/C   n/a            1.000         20.000      19.000     SLICE_X82Y92    level_b_reg[1]/C
Min Period        n/a     FDCE/C   n/a            1.000         20.000      19.000     SLICE_X82Y92    level_b_reg[2]/C
Min Period        n/a     FDCE/C   n/a            1.000         20.000      19.000     SLICE_X82Y92    level_b_reg[3]/C
Min Period        n/a     FDCE/C   n/a            1.000         20.000      19.000     SLICE_X79Y106   level_g_reg[0]/C
Min Period        n/a     FDCE/C   n/a            1.000         20.000      19.000     SLICE_X79Y106   level_g_reg[1]/C
Min Period        n/a     FDCE/C   n/a            1.000         20.000      19.000     SLICE_X79Y106   level_g_reg[2]/C
Min Period        n/a     FDCE/C   n/a            1.000         20.000      19.000     SLICE_X79Y106   level_g_reg[3]/C
Min Period        n/a     FDCE/C   n/a            1.000         20.000      19.000     SLICE_X72Y96    level_r_reg[0]/C
Low Pulse Width   Slow    FDCE/C   n/a            0.500         10.000      9.500      SLICE_X82Y92    level_b_reg[0]/C
Low Pulse Width   Fast    FDCE/C   n/a            0.500         10.000      9.500      SLICE_X82Y92    level_b_reg[0]/C
Low Pulse Width   Slow    FDCE/C   n/a            0.500         10.000      9.500      SLICE_X82Y92    level_b_reg[1]/C
Low Pulse Width   Fast    FDCE/C   n/a            0.500         10.000      9.500      SLICE_X82Y92    level_b_reg[1]/C
Low Pulse Width   Slow    FDCE/C   n/a            0.500         10.000      9.500      SLICE_X82Y92    level_b_reg[2]/C
Low Pulse Width   Fast    FDCE/C   n/a            0.500         10.000      9.500      SLICE_X82Y92    level_b_reg[2]/C
Low Pulse Width   Slow    FDCE/C   n/a            0.500         10.000      9.500      SLICE_X82Y92    level_b_reg[3]/C
Low Pulse Width   Fast    FDCE/C   n/a            0.500         10.000      9.500      SLICE_X82Y92    level_b_reg[3]/C
Low Pulse Width   Slow    FDCE/C   n/a            0.500         10.000      9.500      SLICE_X79Y106   level_g_reg[0]/C
Low Pulse Width   Fast    FDCE/C   n/a            0.500         10.000      9.500      SLICE_X79Y106   level_g_reg[0]/C
High Pulse Width  Slow    FDCE/C   n/a            0.500         10.000      9.500      SLICE_X82Y92    level_b_reg[0]/C
High Pulse Width  Fast    FDCE/C   n/a            0.500         10.000      9.500      SLICE_X82Y92    level_b_reg[0]/C
High Pulse Width  Slow    FDCE/C   n/a            0.500         10.000      9.500      SLICE_X82Y92    level_b_reg[1]/C
High Pulse Width  Fast    FDCE/C   n/a            0.500         10.000      9.500      SLICE_X82Y92    level_b_reg[1]/C
High Pulse Width  Slow    FDCE/C   n/a            0.500         10.000      9.500      SLICE_X82Y92    level_b_reg[2]/C
High Pulse Width  Fast    FDCE/C   n/a            0.500         10.000      9.500      SLICE_X82Y92    level_b_reg[2]/C
High Pulse Width  Slow    FDCE/C   n/a            0.500         10.000      9.500      SLICE_X82Y92    level_b_reg[3]/C
High Pulse Width  Fast    FDCE/C   n/a            0.500         10.000      9.500      SLICE_X82Y92    level_b_reg[3]/C
High Pulse Width  Slow    FDCE/C   n/a            0.500         10.000      9.500      SLICE_X79Y106   level_g_reg[0]/C
High Pulse Width  Fast    FDCE/C   n/a            0.500         10.000      9.500      SLICE_X79Y106   level_g_reg[0]/C



--------------------------------------------------------------------------------------
Path Group:  (none)
From Clock:  
  To Clock:  clk_50mhz

Max Delay           147 Endpoints
Min Delay           147 Endpoints
--------------------------------------------------------------------------------------


Max Delay Paths
--------------------------------------------------------------------------------------
Slack:                    inf
  Source:                 rst_p
                            (input port)
  Destination:            u_pwm_b/count_reg[1]/CLR
                            (recovery check against rising-edge clock clk_50mhz  {rise@0.000ns fall@10.000ns period=20.000ns})
  Path Group:             (none)
  Path Type:              Recovery (Max at Slow Process Corner)
  Data Path Delay:        6.631ns  (logic 1.468ns (22.144%)  route 5.163ns (77.856%))
  Logic Levels:           1  (IBUF=1)
  Clock Path Skew:        5.311ns (DCD - SCD + CPR)
    Destination Clock Delay (DCD):    5.311ns
    Source Clock Delay      (SCD):    0.000ns
    Clock Pessimism Removal (CPR):    0.000ns
  Clock Uncertainty:      0.025ns  ((TSJ^2 + TIJ^2)^1/2 + DJ) / 2 + PE
    Total System Jitter     (TSJ):    0.050ns
    Total Input Jitter      (TIJ):    0.000ns
    Discrete Jitter          (DJ):    0.000ns
    Phase Error              (PE):    0.000ns
  Timing Exception:       False Path

    Location             Delay type                Incr(ns)  Path(ns)    Netlist Resource(s)
  -------------------------------------------------------------------    -------------------
    K4                                                0.000     0.000 f  rst_p
                         net (fo=0)                   0.000     0.000    rst_p
    K4                   IBUF (Prop_ibuf_I_O)         1.468     1.468 f  rst_p_IBUF_inst/O
                         net (fo=144, routed)         5.163     6.631    u_pwm_b/AR[0]
    SLICE_X85Y89         FDCE                                         f  u_pwm_b/count_reg[1]/CLR
  -------------------------------------------------------------------    -------------------

                         (clock clk_50mhz rise edge)
                                                      0.000     0.000 r  <hidden>
    B6                                                0.000     0.000 r  clk_50mhz
                         net (fo=0)                   0.000     0.000    clk_50mhz
    B6                   IBUF (Prop_ibuf_I_O)         1.429     1.429 r  clk_50mhz_IBUF_inst/O
                         net (fo=1, routed)           2.196     3.625    clk_50mhz_IBUF
    BUFGCTRL_X0Y16       BUFG (Prop_bufg_I_O)         0.091     3.716 r  clk_50mhz_IBUF_BUFG_inst/O
                         net (fo=144, routed)         1.594     5.311    u_pwm_b/CLK
    SLICE_X85Y89         FDCE                                         r  u_pwm_b/count_reg[1]/C

Slack:                    inf
  Source:                 rst_p
                            (input port)
  Destination:            u_pwm_b/count_reg[2]/CLR
                            (recovery check against rising-edge clock clk_50mhz  {rise@0.000ns fall@10.000ns period=20.000ns})
  Path Group:             (none)
  Path Type:              Recovery (Max at Slow Process Corner)
  Data Path Delay:        6.631ns  (logic 1.468ns (22.144%)  route 5.163ns (77.856%))
  Logic Levels:           1  (IBUF=1)
  Clock Path Skew:        5.311ns (DCD - SCD + CPR)
    Destination Clock Delay (DCD):    5.311ns
    Source Clock Delay      (SCD):    0.000ns
    Clock Pessimism Removal (CPR):    0.000ns
  Clock Uncertainty:      0.025ns  ((TSJ^2 + TIJ^2)^1/2 + DJ) / 2 + PE
    Total System Jitter     (TSJ):    0.050ns
    Total Input Jitter      (TIJ):    0.000ns
    Discrete Jitter          (DJ):    0.000ns
    Phase Error              (PE):    0.000ns
  Timing Exception:       False Path

    Location             Delay type                Incr(ns)  Path(ns)    Netlist Resource(s)
  -------------------------------------------------------------------    -------------------
    K4                                                0.000     0.000 f  rst_p
                         net (fo=0)                   0.000     0.000    rst_p
    K4                   IBUF (Prop_ibuf_I_O)         1.468     1.468 f  rst_p_IBUF_inst/O
                         net (fo=144, routed)         5.163     6.631    u_pwm_b/AR[0]
    SLICE_X85Y89         FDCE                                         f  u_pwm_b/count_reg[2]/CLR
  -------------------------------------------------------------------    -------------------

                         (clock clk_50mhz rise edge)
                                                      0.000     0.000 r  <hidden>
    B6                                                0.000     0.000 r  clk_50mhz
                         net (fo=0)                   0.000     0.000    clk_50mhz
    B6                   IBUF (Prop_ibuf_I_O)         1.429     1.429 r  clk_50mhz_IBUF_inst/O
                         net (fo=1, routed)           2.196     3.625    clk_50mhz_IBUF
    BUFGCTRL_X0Y16       BUFG (Prop_bufg_I_O)         0.091     3.716 r  clk_50mhz_IBUF_BUFG_inst/O
                         net (fo=144, routed)         1.594     5.311    u_pwm_b/CLK
    SLICE_X85Y89         FDCE                                         r  u_pwm_b/count_reg[2]/C

Slack:                    inf
  Source:                 rst_p
                            (input port)
  Destination:            u_pwm_b/count_reg[3]/CLR
                            (recovery check against rising-edge clock clk_50mhz  {rise@0.000ns fall@10.000ns period=20.000ns})
  Path Group:             (none)
  Path Type:              Recovery (Max at Slow Process Corner)
  Data Path Delay:        6.631ns  (logic 1.468ns (22.144%)  route 5.163ns (77.856%))
  Logic Levels:           1  (IBUF=1)
  Clock Path Skew:        5.311ns (DCD - SCD + CPR)
    Destination Clock Delay (DCD):    5.311ns
    Source Clock Delay      (SCD):    0.000ns
    Clock Pessimism Removal (CPR):    0.000ns
  Clock Uncertainty:      0.025ns  ((TSJ^2 + TIJ^2)^1/2 + DJ) / 2 + PE
    Total System Jitter     (TSJ):    0.050ns
    Total Input Jitter      (TIJ):    0.000ns
    Discrete Jitter          (DJ):    0.000ns
    Phase Error              (PE):    0.000ns
  Timing Exception:       False Path

    Location             Delay type                Incr(ns)  Path(ns)    Netlist Resource(s)
  -------------------------------------------------------------------    -------------------
    K4                                                0.000     0.000 f  rst_p
                         net (fo=0)                   0.000     0.000    rst_p
    K4                   IBUF (Prop_ibuf_I_O)         1.468     1.468 f  rst_p_IBUF_inst/O
                         net (fo=144, routed)         5.163     6.631    u_pwm_b/AR[0]
    SLICE_X85Y89         FDCE                                         f  u_pwm_b/count_reg[3]/CLR
  -------------------------------------------------------------------    -------------------

                         (clock clk_50mhz rise edge)
                                                      0.000     0.000 r  <hidden>
    B6                                                0.000     0.000 r  clk_50mhz
                         net (fo=0)                   0.000     0.000    clk_50mhz
    B6                   IBUF (Prop_ibuf_I_O)         1.429     1.429 r  clk_50mhz_IBUF_inst/O
                         net (fo=1, routed)           2.196     3.625    clk_50mhz_IBUF
    BUFGCTRL_X0Y16       BUFG (Prop_bufg_I_O)         0.091     3.716 r  clk_50mhz_IBUF_BUFG_inst/O
                         net (fo=144, routed)         1.594     5.311    u_pwm_b/CLK
    SLICE_X85Y89         FDCE                                         r  u_pwm_b/count_reg[3]/C

Slack:                    inf
  Source:                 rst_p
                            (input port)
  Destination:            u_pwm_b/count_reg[4]/CLR
                            (recovery check against rising-edge clock clk_50mhz  {rise@0.000ns fall@10.000ns period=20.000ns})
  Path Group:             (none)
  Path Type:              Recovery (Max at Slow Process Corner)
  Data Path Delay:        6.631ns  (logic 1.468ns (22.144%)  route 5.163ns (77.856%))
  Logic Levels:           1  (IBUF=1)
  Clock Path Skew:        5.311ns (DCD - SCD + CPR)
    Destination Clock Delay (DCD):    5.311ns
    Source Clock Delay      (SCD):    0.000ns
    Clock Pessimism Removal (CPR):    0.000ns
  Clock Uncertainty:      0.025ns  ((TSJ^2 + TIJ^2)^1/2 + DJ) / 2 + PE
    Total System Jitter     (TSJ):    0.050ns
    Total Input Jitter      (TIJ):    0.000ns
    Discrete Jitter          (DJ):    0.000ns
    Phase Error              (PE):    0.000ns
  Timing Exception:       False Path

    Location             Delay type                Incr(ns)  Path(ns)    Netlist Resource(s)
  -------------------------------------------------------------------    -------------------
    K4                                                0.000     0.000 f  rst_p
                         net (fo=0)                   0.000     0.000    rst_p
    K4                   IBUF (Prop_ibuf_I_O)         1.468     1.468 f  rst_p_IBUF_inst/O
                         net (fo=144, routed)         5.163     6.631    u_pwm_b/AR[0]
    SLICE_X85Y89         FDCE                                         f  u_pwm_b/count_reg[4]/CLR
  -------------------------------------------------------------------    -------------------

                         (clock clk_50mhz rise edge)
                                                      0.000     0.000 r  <hidden>
    B6                                                0.000     0.000 r  clk_50mhz
                         net (fo=0)                   0.000     0.000    clk_50mhz
    B6                   IBUF (Prop_ibuf_I_O)         1.429     1.429 r  clk_50mhz_IBUF_inst/O
                         net (fo=1, routed)           2.196     3.625    clk_50mhz_IBUF
    BUFGCTRL_X0Y16       BUFG (Prop_bufg_I_O)         0.091     3.716 r  clk_50mhz_IBUF_BUFG_inst/O
                         net (fo=144, routed)         1.594     5.311    u_pwm_b/CLK
    SLICE_X85Y89         FDCE                                         r  u_pwm_b/count_reg[4]/C

Slack:                    inf
  Source:                 rst_p
                            (input port)
  Destination:            u_pwm_b/count_reg[5]/CLR
                            (recovery check against rising-edge clock clk_50mhz  {rise@0.000ns fall@10.000ns period=20.000ns})
  Path Group:             (none)
  Path Type:              Recovery (Max at Slow Process Corner)
  Data Path Delay:        6.631ns  (logic 1.468ns (22.144%)  route 5.163ns (77.856%))
  Logic Levels:           1  (IBUF=1)
  Clock Path Skew:        5.311ns (DCD - SCD + CPR)
    Destination Clock Delay (DCD):    5.311ns
    Source Clock Delay      (SCD):    0.000ns
    Clock Pessimism Removal (CPR):    0.000ns
  Clock Uncertainty:      0.025ns  ((TSJ^2 + TIJ^2)^1/2 + DJ) / 2 + PE
    Total System Jitter     (TSJ):    0.050ns
    Total Input Jitter      (TIJ):    0.000ns
    Discrete Jitter          (DJ):    0.000ns
    Phase Error              (PE):    0.000ns
  Timing Exception:       False Path

    Location             Delay type                Incr(ns)  Path(ns)    Netlist Resource(s)
  -------------------------------------------------------------------    -------------------
    K4                                                0.000     0.000 f  rst_p
                         net (fo=0)                   0.000     0.000    rst_p
    K4                   IBUF (Prop_ibuf_I_O)         1.468     1.468 f  rst_p_IBUF_inst/O
                         net (fo=144, routed)         5.163     6.631    u_pwm_b/AR[0]
    SLICE_X85Y89         FDCE                                         f  u_pwm_b/count_reg[5]/CLR
  -------------------------------------------------------------------    -------------------

                         (clock clk_50mhz rise edge)
                                                      0.000     0.000 r  <hidden>
    B6                                                0.000     0.000 r  clk_50mhz
                         net (fo=0)                   0.000     0.000    clk_50mhz
    B6                   IBUF (Prop_ibuf_I_O)         1.429     1.429 r  clk_50mhz_IBUF_inst/O
                         net (fo=1, routed)           2.196     3.625    clk_50mhz_IBUF
    BUFGCTRL_X0Y16       BUFG (Prop_bufg_I_O)         0.091     3.716 r  clk_50mhz_IBUF_BUFG_inst/O
                         net (fo=144, routed)         1.594     5.311    u_pwm_b/CLK
    SLICE_X85Y89         FDCE                                         r  u_pwm_b/count_reg[5]/C

Slack:                    inf
  Source:                 rst_p
                            (input port)
  Destination:            u_pwm_b/count_reg[7]/CLR
                            (recovery check against rising-edge clock clk_50mhz  {rise@0.000ns fall@10.000ns period=20.000ns})
  Path Group:             (none)
  Path Type:              Recovery (Max at Slow Process Corner)
  Data Path Delay:        6.631ns  (logic 1.468ns (22.144%)  route 5.163ns (77.856%))
  Logic Levels:           1  (IBUF=1)
  Clock Path Skew:        5.311ns (DCD - SCD + CPR)
    Destination Clock Delay (DCD):    5.311ns
    Source Clock Delay      (SCD):    0.000ns
    Clock Pessimism Removal (CPR):    0.000ns
  Clock Uncertainty:      0.025ns  ((TSJ^2 + TIJ^2)^1/2 + DJ) / 2 + PE
    Total System Jitter     (TSJ):    0.050ns
    Total Input Jitter      (TIJ):    0.000ns
    Discrete Jitter          (DJ):    0.000ns
    Phase Error              (PE):    0.000ns
  Timing Exception:       False Path

    Location             Delay type                Incr(ns)  Path(ns)    Netlist Resource(s)
  -------------------------------------------------------------------    -------------------
    K4                                                0.000     0.000 f  rst_p
                         net (fo=0)                   0.000     0.000    rst_p
    K4                   IBUF (Prop_ibuf_I_O)         1.468     1.468 f  rst_p_IBUF_inst/O
                         net (fo=144, routed)         5.163     6.631    u_pwm_b/AR[0]
    SLICE_X85Y89         FDCE                                         f  u_pwm_b/count_reg[7]/CLR
  -------------------------------------------------------------------    -------------------

                         (clock clk_50mhz rise edge)
                                                      0.000     0.000 r  <hidden>
    B6                                                0.000     0.000 r  clk_50mhz
                         net (fo=0)                   0.000     0.000    clk_50mhz
    B6                   IBUF (Prop_ibuf_I_O)         1.429     1.429 r  clk_50mhz_IBUF_inst/O
                         net (fo=1, routed)           2.196     3.625    clk_50mhz_IBUF
    BUFGCTRL_X0Y16       BUFG (Prop_bufg_I_O)         0.091     3.716 r  clk_50mhz_IBUF_BUFG_inst/O
                         net (fo=144, routed)         1.594     5.311    u_pwm_b/CLK
    SLICE_X85Y89         FDCE                                         r  u_pwm_b/count_reg[7]/C

Slack:                    inf
  Source:                 rst_p
                            (input port)
  Destination:            u_pwm_b/count_reg[8]/CLR
                            (recovery check against rising-edge clock clk_50mhz  {rise@0.000ns fall@10.000ns period=20.000ns})
  Path Group:             (none)
  Path Type:              Recovery (Max at Slow Process Corner)
  Data Path Delay:        6.631ns  (logic 1.468ns (22.144%)  route 5.163ns (77.856%))
  Logic Levels:           1  (IBUF=1)
  Clock Path Skew:        5.311ns (DCD - SCD + CPR)
    Destination Clock Delay (DCD):    5.311ns
    Source Clock Delay      (SCD):    0.000ns
    Clock Pessimism Removal (CPR):    0.000ns
  Clock Uncertainty:      0.025ns  ((TSJ^2 + TIJ^2)^1/2 + DJ) / 2 + PE
    Total System Jitter     (TSJ):    0.050ns
    Total Input Jitter      (TIJ):    0.000ns
    Discrete Jitter          (DJ):    0.000ns
    Phase Error              (PE):    0.000ns
  Timing Exception:       False Path

    Location             Delay type                Incr(ns)  Path(ns)    Netlist Resource(s)
  -------------------------------------------------------------------    -------------------
    K4                                                0.000     0.000 f  rst_p
                         net (fo=0)                   0.000     0.000    rst_p
    K4                   IBUF (Prop_ibuf_I_O)         1.468     1.468 f  rst_p_IBUF_inst/O
                         net (fo=144, routed)         5.163     6.631    u_pwm_b/AR[0]
    SLICE_X85Y89         FDCE                                         f  u_pwm_b/count_reg[8]/CLR
  -------------------------------------------------------------------    -------------------

                         (clock clk_50mhz rise edge)
                                                      0.000     0.000 r  <hidden>
    B6                                                0.000     0.000 r  clk_50mhz
                         net (fo=0)                   0.000     0.000    clk_50mhz
    B6                   IBUF (Prop_ibuf_I_O)         1.429     1.429 r  clk_50mhz_IBUF_inst/O
                         net (fo=1, routed)           2.196     3.625    clk_50mhz_IBUF
    BUFGCTRL_X0Y16       BUFG (Prop_bufg_I_O)         0.091     3.716 r  clk_50mhz_IBUF_BUFG_inst/O
                         net (fo=144, routed)         1.594     5.311    u_pwm_b/CLK
    SLICE_X85Y89         FDCE                                         r  u_pwm_b/count_reg[8]/C

Slack:                    inf
  Source:                 rst_p
                            (input port)
  Destination:            u_pwm_b/count_reg[10]/CLR
                            (recovery check against rising-edge clock clk_50mhz  {rise@0.000ns fall@10.000ns period=20.000ns})
  Path Group:             (none)
  Path Type:              Recovery (Max at Slow Process Corner)
  Data Path Delay:        6.490ns  (logic 1.468ns (22.625%)  route 5.022ns (77.375%))
  Logic Levels:           1  (IBUF=1)
  Clock Path Skew:        5.312ns (DCD - SCD + CPR)
    Destination Clock Delay (DCD):    5.312ns
    Source Clock Delay      (SCD):    0.000ns
    Clock Pessimism Removal (CPR):    0.000ns
  Clock Uncertainty:      0.025ns  ((TSJ^2 + TIJ^2)^1/2 + DJ) / 2 + PE
    Total System Jitter     (TSJ):    0.050ns
    Total Input Jitter      (TIJ):    0.000ns
    Discrete Jitter          (DJ):    0.000ns
    Phase Error              (PE):    0.000ns
  Timing Exception:       False Path

    Location             Delay type                Incr(ns)  Path(ns)    Netlist Resource(s)
  -------------------------------------------------------------------    -------------------
    K4                                                0.000     0.000 f  rst_p
                         net (fo=0)                   0.000     0.000    rst_p
    K4                   IBUF (Prop_ibuf_I_O)         1.468     1.468 f  rst_p_IBUF_inst/O
                         net (fo=144, routed)         5.022     6.490    u_pwm_b/AR[0]
    SLICE_X85Y91         FDCE                                         f  u_pwm_b/count_reg[10]/CLR
  -------------------------------------------------------------------    -------------------

                         (clock clk_50mhz rise edge)
                                                      0.000     0.000 r  <hidden>
    B6                                                0.000     0.000 r  clk_50mhz
                         net (fo=0)                   0.000     0.000    clk_50mhz
    B6                   IBUF (Prop_ibuf_I_O)         1.429     1.429 r  clk_50mhz_IBUF_inst/O
                         net (fo=1, routed)           2.196     3.625    clk_50mhz_IBUF
    BUFGCTRL_X0Y16       BUFG (Prop_bufg_I_O)         0.091     3.716 r  clk_50mhz_IBUF_BUFG_inst/O
                         net (fo=144, routed)         1.595     5.312    u_pwm_b/CLK
    SLICE_X85Y91         FDCE                                         r  u_pwm_b/count_reg[10]/C

Slack:                    inf
  Source:                 rst_p
                            (input port)
  Destination:            u_pwm_b/count_reg[13]/CLR
                            (recovery check against rising-edge clock clk_50mhz  {rise@0.000ns fall@10.000ns period=20.000ns})
  Path Group:             (none)
  Path Type:              Recovery (Max at Slow Process Corner)
  Data Path Delay:        6.490ns  (logic 1.468ns (22.625%)  route 5.022ns (77.375%))
  Logic Levels:           1  (IBUF=1)
  Clock Path Skew:        5.312ns (DCD - SCD + CPR)
    Destination Clock Delay (DCD):    5.312ns
    Source Clock Delay      (SCD):    0.000ns
    Clock Pessimism Removal (CPR):    0.000ns
  Clock Uncertainty:      0.025ns  ((TSJ^2 + TIJ^2)^1/2 + DJ) / 2 + PE
    Total System Jitter     (TSJ):    0.050ns
    Total Input Jitter      (TIJ):    0.000ns
    Discrete Jitter          (DJ):    0.000ns
    Phase Error              (PE):    0.000ns
  Timing Exception:       False Path

    Location             Delay type                Incr(ns)  Path(ns)    Netlist Resource(s)
  -------------------------------------------------------------------    -------------------
    K4                                                0.000     0.000 f  rst_p
                         net (fo=0)                   0.000     0.000    rst_p
    K4                   IBUF (Prop_ibuf_I_O)         1.468     1.468 f  rst_p_IBUF_inst/O
                         net (fo=144, routed)         5.022     6.490    u_pwm_b/AR[0]
    SLICE_X85Y91         FDCE                                         f  u_pwm_b/count_reg[13]/CLR
  -------------------------------------------------------------------    -------------------

                         (clock clk_50mhz rise edge)
                                                      0.000     0.000 r  <hidden>
    B6                                                0.000     0.000 r  clk_50mhz
                         net (fo=0)                   0.000     0.000    clk_50mhz
    B6                   IBUF (Prop_ibuf_I_O)         1.429     1.429 r  clk_50mhz_IBUF_inst/O
                         net (fo=1, routed)           2.196     3.625    clk_50mhz_IBUF
    BUFGCTRL_X0Y16       BUFG (Prop_bufg_I_O)         0.091     3.716 r  clk_50mhz_IBUF_BUFG_inst/O
                         net (fo=144, routed)         1.595     5.312    u_pwm_b/CLK
    SLICE_X85Y91         FDCE                                         r  u_pwm_b/count_reg[13]/C

Slack:                    inf
  Source:                 rst_p
                            (input port)
  Destination:            u_pwm_b/count_reg[14]/CLR
                            (recovery check against rising-edge clock clk_50mhz  {rise@0.000ns fall@10.000ns period=20.000ns})
  Path Group:             (none)
  Path Type:              Recovery (Max at Slow Process Corner)
  Data Path Delay:        6.490ns  (logic 1.468ns (22.625%)  route 5.022ns (77.375%))
  Logic Levels:           1  (IBUF=1)
  Clock Path Skew:        5.312ns (DCD - SCD + CPR)
    Destination Clock Delay (DCD):    5.312ns
    Source Clock Delay      (SCD):    0.000ns
    Clock Pessimism Removal (CPR):    0.000ns
  Clock Uncertainty:      0.025ns  ((TSJ^2 + TIJ^2)^1/2 + DJ) / 2 + PE
    Total System Jitter     (TSJ):    0.050ns
    Total Input Jitter      (TIJ):    0.000ns
    Discrete Jitter          (DJ):    0.000ns
    Phase Error              (PE):    0.000ns
  Timing Exception:       False Path

    Location             Delay type                Incr(ns)  Path(ns)    Netlist Resource(s)
  -------------------------------------------------------------------    -------------------
    K4                                                0.000     0.000 f  rst_p
                         net (fo=0)                   0.000     0.000    rst_p
    K4                   IBUF (Prop_ibuf_I_O)         1.468     1.468 f  rst_p_IBUF_inst/O
                         net (fo=144, routed)         5.022     6.490    u_pwm_b/AR[0]
    SLICE_X85Y91         FDCE                                         f  u_pwm_b/count_reg[14]/CLR
  -------------------------------------------------------------------    -------------------

                         (clock clk_50mhz rise edge)
                                                      0.000     0.000 r  <hidden>
    B6                                                0.000     0.000 r  clk_50mhz
                         net (fo=0)                   0.000     0.000    clk_50mhz
    B6                   IBUF (Prop_ibuf_I_O)         1.429     1.429 r  clk_50mhz_IBUF_inst/O
                         net (fo=1, routed)           2.196     3.625    clk_50mhz_IBUF
    BUFGCTRL_X0Y16       BUFG (Prop_bufg_I_O)         0.091     3.716 r  clk_50mhz_IBUF_BUFG_inst/O
                         net (fo=144, routed)         1.595     5.312    u_pwm_b/CLK
    SLICE_X85Y91         FDCE                                         r  u_pwm_b/count_reg[14]/C





Min Delay Paths
--------------------------------------------------------------------------------------
Slack:                    inf
  Source:                 button_g
                            (input port)
  Destination:            u_button_g/button_meta_reg/D
                            (rising edge-triggered cell FDCE clocked by clk_50mhz  {rise@0.000ns fall@10.000ns period=20.000ns})
  Path Group:             (none)
  Path Type:              Hold (Min at Fast Process Corner)
  Data Path Delay:        0.866ns  (logic 0.247ns (28.507%)  route 0.619ns (71.493%))
  Logic Levels:           1  (IBUF=1)
  Clock Path Skew:        2.222ns (DCD - SCD - CPR)
    Destination Clock Delay (DCD):    2.222ns
    Source Clock Delay      (SCD):    0.000ns
    Clock Pessimism Removal (CPR):    -0.000ns
  Timing Exception:       False Path

    Location             Delay type                Incr(ns)  Path(ns)    Netlist Resource(s)
  -------------------------------------------------------------------    -------------------
    N4                                                0.000     0.000 r  button_g
                         net (fo=0)                   0.000     0.000    button_g
    N4                   IBUF (Prop_ibuf_I_O)         0.247     0.247 r  button_g_IBUF_inst/O
                         net (fo=1, routed)           0.619     0.866    u_button_g/button
    SLICE_X81Y100        FDCE                                         r  u_button_g/button_meta_reg/D
  -------------------------------------------------------------------    -------------------

                         (clock clk_50mhz rise edge)
                                                      0.000     0.000 r  <hidden>
    B6                                                0.000     0.000 r  clk_50mhz
                         net (fo=0)                   0.000     0.000    clk_50mhz
    B6                   IBUF (Prop_ibuf_I_O)         0.456     0.456 r  clk_50mhz_IBUF_inst/O
                         net (fo=1, routed)           0.871     1.327    clk_50mhz_IBUF
    BUFGCTRL_X0Y16       BUFG (Prop_bufg_I_O)         0.029     1.356 r  clk_50mhz_IBUF_BUFG_inst/O
                         net (fo=144, routed)         0.867     2.222    u_button_g/CLK
    SLICE_X81Y100        FDCE                                         r  u_button_g/button_meta_reg/C

Slack:                    inf
  Source:                 button_b
                            (input port)
  Destination:            u_button_b/button_meta_reg/D
                            (rising edge-triggered cell FDCE clocked by clk_50mhz  {rise@0.000ns fall@10.000ns period=20.000ns})
  Path Group:             (none)
  Path Type:              Hold (Min at Fast Process Corner)
  Data Path Delay:        0.984ns  (logic 0.262ns (26.661%)  route 0.722ns (73.339%))
  Logic Levels:           1  (IBUF=1)
  Clock Path Skew:        2.226ns (DCD - SCD - CPR)
    Destination Clock Delay (DCD):    2.226ns
    Source Clock Delay      (SCD):    0.000ns
    Clock Pessimism Removal (CPR):    -0.000ns
  Timing Exception:       False Path

    Location             Delay type                Incr(ns)  Path(ns)    Netlist Resource(s)
  -------------------------------------------------------------------    -------------------
    N1                                                0.000     0.000 r  button_b
                         net (fo=0)                   0.000     0.000    button_b
    N1                   IBUF (Prop_ibuf_I_O)         0.262     0.262 r  button_b_IBUF_inst/O
                         net (fo=1, routed)           0.722     0.984    u_button_b/button
    SLICE_X79Y92         FDCE                                         r  u_button_b/button_meta_reg/D
  -------------------------------------------------------------------    -------------------

                         (clock clk_50mhz rise edge)
                                                      0.000     0.000 r  <hidden>
    B6                                                0.000     0.000 r  clk_50mhz
                         net (fo=0)                   0.000     0.000    clk_50mhz
    B6                   IBUF (Prop_ibuf_I_O)         0.456     0.456 r  clk_50mhz_IBUF_inst/O
                         net (fo=1, routed)           0.871     1.327    clk_50mhz_IBUF
    BUFGCTRL_X0Y16       BUFG (Prop_bufg_I_O)         0.029     1.356 r  clk_50mhz_IBUF_BUFG_inst/O
                         net (fo=144, routed)         0.871     2.226    u_button_b/CLK
    SLICE_X79Y92         FDCE                                         r  u_button_b/button_meta_reg/C

Slack:                    inf
  Source:                 rst_p
                            (input port)
  Destination:            u_pwm_g/count_reg[0]/CLR
                            (removal check against rising-edge clock clk_50mhz  {rise@0.000ns fall@10.000ns period=20.000ns})
  Path Group:             (none)
  Path Type:              Removal (Min at Fast Process Corner)
  Data Path Delay:        1.026ns  (logic 0.236ns (23.031%)  route 0.790ns (76.969%))
  Logic Levels:           1  (IBUF=1)
  Clock Path Skew:        2.222ns (DCD - SCD - CPR)
    Destination Clock Delay (DCD):    2.222ns
    Source Clock Delay      (SCD):    0.000ns
    Clock Pessimism Removal (CPR):    -0.000ns
  Timing Exception:       False Path

    Location             Delay type                Incr(ns)  Path(ns)    Netlist Resource(s)
  -------------------------------------------------------------------    -------------------
    K4                                                0.000     0.000 f  rst_p
                         net (fo=0)                   0.000     0.000    rst_p
    K4                   IBUF (Prop_ibuf_I_O)         0.236     0.236 f  rst_p_IBUF_inst/O
                         net (fo=144, routed)         0.790     1.026    u_pwm_g/AR[0]
    SLICE_X83Y104        FDCE                                         f  u_pwm_g/count_reg[0]/CLR
  -------------------------------------------------------------------    -------------------

                         (clock clk_50mhz rise edge)
                                                      0.000     0.000 r  <hidden>
    B6                                                0.000     0.000 r  clk_50mhz
                         net (fo=0)                   0.000     0.000    clk_50mhz
    B6                   IBUF (Prop_ibuf_I_O)         0.456     0.456 r  clk_50mhz_IBUF_inst/O
                         net (fo=1, routed)           0.871     1.327    clk_50mhz_IBUF
    BUFGCTRL_X0Y16       BUFG (Prop_bufg_I_O)         0.029     1.356 r  clk_50mhz_IBUF_BUFG_inst/O
                         net (fo=144, routed)         0.866     2.222    u_pwm_g/CLK
    SLICE_X83Y104        FDCE                                         r  u_pwm_g/count_reg[0]/C

Slack:                    inf
  Source:                 rst_p
                            (input port)
  Destination:            u_pwm_g/pwm_reg_lopt_replica_2/CLR
                            (removal check against rising-edge clock clk_50mhz  {rise@0.000ns fall@10.000ns period=20.000ns})
  Path Group:             (none)
  Path Type:              Removal (Min at Fast Process Corner)
  Data Path Delay:        1.026ns  (logic 0.236ns (23.031%)  route 0.790ns (76.969%))
  Logic Levels:           1  (IBUF=1)
  Clock Path Skew:        2.222ns (DCD - SCD - CPR)
    Destination Clock Delay (DCD):    2.222ns
    Source Clock Delay      (SCD):    0.000ns
    Clock Pessimism Removal (CPR):    -0.000ns
  Timing Exception:       False Path

    Location             Delay type                Incr(ns)  Path(ns)    Netlist Resource(s)
  -------------------------------------------------------------------    -------------------
    K4                                                0.000     0.000 f  rst_p
                         net (fo=0)                   0.000     0.000    rst_p
    K4                   IBUF (Prop_ibuf_I_O)         0.236     0.236 f  rst_p_IBUF_inst/O
                         net (fo=144, routed)         0.790     1.026    u_pwm_g/AR[0]
    SLICE_X83Y104        FDCE                                         f  u_pwm_g/pwm_reg_lopt_replica_2/CLR
  -------------------------------------------------------------------    -------------------

                         (clock clk_50mhz rise edge)
                                                      0.000     0.000 r  <hidden>
    B6                                                0.000     0.000 r  clk_50mhz
                         net (fo=0)                   0.000     0.000    clk_50mhz
    B6                   IBUF (Prop_ibuf_I_O)         0.456     0.456 r  clk_50mhz_IBUF_inst/O
                         net (fo=1, routed)           0.871     1.327    clk_50mhz_IBUF
    BUFGCTRL_X0Y16       BUFG (Prop_bufg_I_O)         0.029     1.356 r  clk_50mhz_IBUF_BUFG_inst/O
                         net (fo=144, routed)         0.866     2.222    u_pwm_g/CLK
    SLICE_X83Y104        FDCE                                         r  u_pwm_g/pwm_reg_lopt_replica_2/C

Slack:                    inf
  Source:                 rst_p
                            (input port)
  Destination:            u_pwm_g/count_reg[10]/CLR
                            (removal check against rising-edge clock clk_50mhz  {rise@0.000ns fall@10.000ns period=20.000ns})
  Path Group:             (none)
  Path Type:              Removal (Min at Fast Process Corner)
  Data Path Delay:        1.031ns  (logic 0.236ns (22.934%)  route 0.794ns (77.066%))
  Logic Levels:           1  (IBUF=1)
  Clock Path Skew:        2.222ns (DCD - SCD - CPR)
    Destination Clock Delay (DCD):    2.222ns
    Source Clock Delay      (SCD):    0.000ns
    Clock Pessimism Removal (CPR):    -0.000ns
  Timing Exception:       False Path

    Location             Delay type                Incr(ns)  Path(ns)    Netlist Resource(s)
  -------------------------------------------------------------------    -------------------
    K4                                                0.000     0.000 f  rst_p
                         net (fo=0)                   0.000     0.000    rst_p
    K4                   IBUF (Prop_ibuf_I_O)         0.236     0.236 f  rst_p_IBUF_inst/O
                         net (fo=144, routed)         0.794     1.031    u_pwm_g/AR[0]
    SLICE_X82Y104        FDCE                                         f  u_pwm_g/count_reg[10]/CLR
  -------------------------------------------------------------------    -------------------

                         (clock clk_50mhz rise edge)
                                                      0.000     0.000 r  <hidden>
    B6                                                0.000     0.000 r  clk_50mhz
                         net (fo=0)                   0.000     0.000    clk_50mhz
    B6                   IBUF (Prop_ibuf_I_O)         0.456     0.456 r  clk_50mhz_IBUF_inst/O
                         net (fo=1, routed)           0.871     1.327    clk_50mhz_IBUF
    BUFGCTRL_X0Y16       BUFG (Prop_bufg_I_O)         0.029     1.356 r  clk_50mhz_IBUF_BUFG_inst/O
                         net (fo=144, routed)         0.866     2.222    u_pwm_g/CLK
    SLICE_X82Y104        FDCE                                         r  u_pwm_g/count_reg[10]/C

Slack:                    inf
  Source:                 rst_p
                            (input port)
  Destination:            u_pwm_g/count_reg[13]/CLR
                            (removal check against rising-edge clock clk_50mhz  {rise@0.000ns fall@10.000ns period=20.000ns})
  Path Group:             (none)
  Path Type:              Removal (Min at Fast Process Corner)
  Data Path Delay:        1.031ns  (logic 0.236ns (22.934%)  route 0.794ns (77.066%))
  Logic Levels:           1  (IBUF=1)
  Clock Path Skew:        2.222ns (DCD - SCD - CPR)
    Destination Clock Delay (DCD):    2.222ns
    Source Clock Delay      (SCD):    0.000ns
    Clock Pessimism Removal (CPR):    -0.000ns
  Timing Exception:       False Path

    Location             Delay type                Incr(ns)  Path(ns)    Netlist Resource(s)
  -------------------------------------------------------------------    -------------------
    K4                                                0.000     0.000 f  rst_p
                         net (fo=0)                   0.000     0.000    rst_p
    K4                   IBUF (Prop_ibuf_I_O)         0.236     0.236 f  rst_p_IBUF_inst/O
                         net (fo=144, routed)         0.794     1.031    u_pwm_g/AR[0]
    SLICE_X82Y104        FDCE                                         f  u_pwm_g/count_reg[13]/CLR
  -------------------------------------------------------------------    -------------------

                         (clock clk_50mhz rise edge)
                                                      0.000     0.000 r  <hidden>
    B6                                                0.000     0.000 r  clk_50mhz
                         net (fo=0)                   0.000     0.000    clk_50mhz
    B6                   IBUF (Prop_ibuf_I_O)         0.456     0.456 r  clk_50mhz_IBUF_inst/O
                         net (fo=1, routed)           0.871     1.327    clk_50mhz_IBUF
    BUFGCTRL_X0Y16       BUFG (Prop_bufg_I_O)         0.029     1.356 r  clk_50mhz_IBUF_BUFG_inst/O
                         net (fo=144, routed)         0.866     2.222    u_pwm_g/CLK
    SLICE_X82Y104        FDCE                                         r  u_pwm_g/count_reg[13]/C

Slack:                    inf
  Source:                 rst_p
                            (input port)
  Destination:            u_pwm_g/count_reg[14]/CLR
                            (removal check against rising-edge clock clk_50mhz  {rise@0.000ns fall@10.000ns period=20.000ns})
  Path Group:             (none)
  Path Type:              Removal (Min at Fast Process Corner)
  Data Path Delay:        1.031ns  (logic 0.236ns (22.934%)  route 0.794ns (77.066%))
  Logic Levels:           1  (IBUF=1)
  Clock Path Skew:        2.222ns (DCD - SCD - CPR)
    Destination Clock Delay (DCD):    2.222ns
    Source Clock Delay      (SCD):    0.000ns
    Clock Pessimism Removal (CPR):    -0.000ns
  Timing Exception:       False Path

    Location             Delay type                Incr(ns)  Path(ns)    Netlist Resource(s)
  -------------------------------------------------------------------    -------------------
    K4                                                0.000     0.000 f  rst_p
                         net (fo=0)                   0.000     0.000    rst_p
    K4                   IBUF (Prop_ibuf_I_O)         0.236     0.236 f  rst_p_IBUF_inst/O
                         net (fo=144, routed)         0.794     1.031    u_pwm_g/AR[0]
    SLICE_X82Y104        FDCE                                         f  u_pwm_g/count_reg[14]/CLR
  -------------------------------------------------------------------    -------------------

                         (clock clk_50mhz rise edge)
                                                      0.000     0.000 r  <hidden>
    B6                                                0.000     0.000 r  clk_50mhz
                         net (fo=0)                   0.000     0.000    clk_50mhz
    B6                   IBUF (Prop_ibuf_I_O)         0.456     0.456 r  clk_50mhz_IBUF_inst/O
                         net (fo=1, routed)           0.871     1.327    clk_50mhz_IBUF
    BUFGCTRL_X0Y16       BUFG (Prop_bufg_I_O)         0.029     1.356 r  clk_50mhz_IBUF_BUFG_inst/O
                         net (fo=144, routed)         0.866     2.222    u_pwm_g/CLK
    SLICE_X82Y104        FDCE                                         r  u_pwm_g/count_reg[14]/C

Slack:                    inf
  Source:                 rst_p
                            (input port)
  Destination:            u_pwm_g/count_reg[15]/CLR
                            (removal check against rising-edge clock clk_50mhz  {rise@0.000ns fall@10.000ns period=20.000ns})
  Path Group:             (none)
  Path Type:              Removal (Min at Fast Process Corner)
  Data Path Delay:        1.031ns  (logic 0.236ns (22.934%)  route 0.794ns (77.066%))
  Logic Levels:           1  (IBUF=1)
  Clock Path Skew:        2.222ns (DCD - SCD - CPR)
    Destination Clock Delay (DCD):    2.222ns
    Source Clock Delay      (SCD):    0.000ns
    Clock Pessimism Removal (CPR):    -0.000ns
  Timing Exception:       False Path

    Location             Delay type                Incr(ns)  Path(ns)    Netlist Resource(s)
  -------------------------------------------------------------------    -------------------
    K4                                                0.000     0.000 f  rst_p
                         net (fo=0)                   0.000     0.000    rst_p
    K4                   IBUF (Prop_ibuf_I_O)         0.236     0.236 f  rst_p_IBUF_inst/O
                         net (fo=144, routed)         0.794     1.031    u_pwm_g/AR[0]
    SLICE_X82Y104        FDCE                                         f  u_pwm_g/count_reg[15]/CLR
  -------------------------------------------------------------------    -------------------

                         (clock clk_50mhz rise edge)
                                                      0.000     0.000 r  <hidden>
    B6                                                0.000     0.000 r  clk_50mhz
                         net (fo=0)                   0.000     0.000    clk_50mhz
    B6                   IBUF (Prop_ibuf_I_O)         0.456     0.456 r  clk_50mhz_IBUF_inst/O
                         net (fo=1, routed)           0.871     1.327    clk_50mhz_IBUF
    BUFGCTRL_X0Y16       BUFG (Prop_bufg_I_O)         0.029     1.356 r  clk_50mhz_IBUF_BUFG_inst/O
                         net (fo=144, routed)         0.866     2.222    u_pwm_g/CLK
    SLICE_X82Y104        FDCE                                         r  u_pwm_g/count_reg[15]/C

Slack:                    inf
  Source:                 button_r
                            (input port)
  Destination:            u_button_r/button_meta_reg/D
                            (rising edge-triggered cell FDCE clocked by clk_50mhz  {rise@0.000ns fall@10.000ns period=20.000ns})
  Path Group:             (none)
  Path Type:              Hold (Min at Fast Process Corner)
  Data Path Delay:        1.052ns  (logic 0.245ns (23.295%)  route 0.807ns (76.705%))
  Logic Levels:           1  (IBUF=1)
  Clock Path Skew:        2.218ns (DCD - SCD - CPR)
    Destination Clock Delay (DCD):    2.218ns
    Source Clock Delay      (SCD):    0.000ns
    Clock Pessimism Removal (CPR):    -0.000ns
  Timing Exception:       False Path

    Location             Delay type                Incr(ns)  Path(ns)    Netlist Resource(s)
  -------------------------------------------------------------------    -------------------
    N8                                                0.000     0.000 r  button_r
                         net (fo=0)                   0.000     0.000    button_r
    N8                   IBUF (Prop_ibuf_I_O)         0.245     0.245 r  button_r_IBUF_inst/O
                         net (fo=1, routed)           0.807     1.052    u_button_r/button
    SLICE_X72Y98         FDCE                                         r  u_button_r/button_meta_reg/D
  -------------------------------------------------------------------    -------------------

                         (clock clk_50mhz rise edge)
                                                      0.000     0.000 r  <hidden>
    B6                                                0.000     0.000 r  clk_50mhz
                         net (fo=0)                   0.000     0.000    clk_50mhz
    B6                   IBUF (Prop_ibuf_I_O)         0.456     0.456 r  clk_50mhz_IBUF_inst/O
                         net (fo=1, routed)           0.871     1.327    clk_50mhz_IBUF
    BUFGCTRL_X0Y16       BUFG (Prop_bufg_I_O)         0.029     1.356 r  clk_50mhz_IBUF_BUFG_inst/O
                         net (fo=144, routed)         0.863     2.218    u_button_r/CLK
    SLICE_X72Y98         FDCE                                         r  u_button_r/button_meta_reg/C

Slack:                    inf
  Source:                 rst_p
                            (input port)
  Destination:            u_pwm_g/pwm_reg/CLR
                            (removal check against rising-edge clock clk_50mhz  {rise@0.000ns fall@10.000ns period=20.000ns})
  Path Group:             (none)
  Path Type:              Removal (Min at Fast Process Corner)
  Data Path Delay:        1.070ns  (logic 0.236ns (22.087%)  route 0.834ns (77.913%))
  Logic Levels:           1  (IBUF=1)
  Clock Path Skew:        2.221ns (DCD - SCD - CPR)
    Destination Clock Delay (DCD):    2.221ns
    Source Clock Delay      (SCD):    0.000ns
    Clock Pessimism Removal (CPR):    -0.000ns
  Timing Exception:       False Path

    Location             Delay type                Incr(ns)  Path(ns)    Netlist Resource(s)
  -------------------------------------------------------------------    -------------------
    K4                                                0.000     0.000 f  rst_p
                         net (fo=0)                   0.000     0.000    rst_p
    K4                   IBUF (Prop_ibuf_I_O)         0.236     0.236 f  rst_p_IBUF_inst/O
                         net (fo=144, routed)         0.834     1.070    u_pwm_g/AR[0]
    SLICE_X81Y105        FDCE                                         f  u_pwm_g/pwm_reg/CLR
  -------------------------------------------------------------------    -------------------

                         (clock clk_50mhz rise edge)
                                                      0.000     0.000 r  <hidden>
    B6                                                0.000     0.000 r  clk_50mhz
                         net (fo=0)                   0.000     0.000    clk_50mhz
    B6                   IBUF (Prop_ibuf_I_O)         0.456     0.456 r  clk_50mhz_IBUF_inst/O
                         net (fo=1, routed)           0.871     1.327    clk_50mhz_IBUF
    BUFGCTRL_X0Y16       BUFG (Prop_bufg_I_O)         0.029     1.356 r  clk_50mhz_IBUF_BUFG_inst/O
                         net (fo=144, routed)         0.866     2.221    u_pwm_g/CLK
    SLICE_X81Y105        FDCE                                         r  u_pwm_g/pwm_reg/C





--------------------------------------------------------------------------------------
Path Group:  (none)
From Clock:  clk_50mhz
  To Clock:  

Max Delay            12 Endpoints
Min Delay            12 Endpoints
--------------------------------------------------------------------------------------


Max Delay Paths
--------------------------------------------------------------------------------------
Slack:                    inf
  Source:                 u_pwm_r/pwm_reg/C
                            (rising edge-triggered cell FDCE clocked by clk_50mhz  {rise@0.000ns fall@10.000ns period=20.000ns})
  Destination:            led_r[3]
                            (output port)
  Path Group:             (none)
  Path Type:              Max at Slow Process Corner
  Data Path Delay:        6.765ns  (logic 4.063ns (60.054%)  route 2.702ns (39.946%))
  Logic Levels:           1  (OBUF=1)
  Clock Uncertainty:      0.025ns  ((TSJ^2 + TIJ^2)^1/2 + DJ) / 2 + PE
    Total System Jitter     (TSJ):    0.050ns
    Total Input Jitter      (TIJ):    0.000ns
    Discrete Jitter          (DJ):    0.000ns
    Phase Error              (PE):    0.000ns

    Location             Delay type                Incr(ns)  Path(ns)    Netlist Resource(s)
  -------------------------------------------------------------------    -------------------
                         (clock clk_50mhz rise edge)
                                                      0.000     0.000 r  <hidden>
    B6                                                0.000     0.000 r  clk_50mhz
                         net (fo=0)                   0.000     0.000    clk_50mhz
    B6                   IBUF (Prop_ibuf_I_O)         1.500     1.500 r  clk_50mhz_IBUF_inst/O
                         net (fo=1, routed)           2.315     3.815    clk_50mhz_IBUF
    BUFGCTRL_X0Y16       BUFG (Prop_bufg_I_O)         0.096     3.911 r  clk_50mhz_IBUF_BUFG_inst/O
                         net (fo=144, routed)         1.707     5.619    u_pwm_r/CLK
    SLICE_X74Y95         FDCE                                         r  u_pwm_r/pwm_reg/C
  -------------------------------------------------------------------    -------------------
    SLICE_X74Y95         FDCE (Prop_fdce_C_Q)         0.518     6.137 r  u_pwm_r/pwm_reg/Q
                         net (fo=1, routed)           2.702     8.839    led_r_OBUF[0]
    T2                   OBUF (Prop_obuf_I_O)         3.545    12.384 r  led_r_OBUF[3]_inst/O
                         net (fo=0)                   0.000    12.384    led_r[3]
    T2                                                                r  led_r[3]
  -------------------------------------------------------------------    -------------------

Slack:                    inf
  Source:                 u_pwm_g/pwm_reg_lopt_replica_3/C
                            (rising edge-triggered cell FDCE clocked by clk_50mhz  {rise@0.000ns fall@10.000ns period=20.000ns})
  Destination:            led_g[2]
                            (output port)
  Path Group:             (none)
  Path Type:              Max at Slow Process Corner
  Data Path Delay:        6.280ns  (logic 4.020ns (64.006%)  route 2.260ns (35.994%))
  Logic Levels:           1  (OBUF=1)
  Clock Uncertainty:      0.025ns  ((TSJ^2 + TIJ^2)^1/2 + DJ) / 2 + PE
    Total System Jitter     (TSJ):    0.050ns
    Total Input Jitter      (TIJ):    0.000ns
    Discrete Jitter          (DJ):    0.000ns
    Phase Error              (PE):    0.000ns

    Location             Delay type                Incr(ns)  Path(ns)    Netlist Resource(s)
  -------------------------------------------------------------------    -------------------
                         (clock clk_50mhz rise edge)
                                                      0.000     0.000 r  <hidden>
    B6                                                0.000     0.000 r  clk_50mhz
                         net (fo=0)                   0.000     0.000    clk_50mhz
    B6                   IBUF (Prop_ibuf_I_O)         1.500     1.500 r  clk_50mhz_IBUF_inst/O
                         net (fo=1, routed)           2.315     3.815    clk_50mhz_IBUF
    BUFGCTRL_X0Y16       BUFG (Prop_bufg_I_O)         0.096     3.911 r  clk_50mhz_IBUF_BUFG_inst/O
                         net (fo=144, routed)         1.701     5.612    u_pwm_g/CLK
    SLICE_X83Y101        FDCE                                         r  u_pwm_g/pwm_reg_lopt_replica_3/C
  -------------------------------------------------------------------    -------------------
    SLICE_X83Y101        FDCE (Prop_fdce_C_Q)         0.456     6.068 r  u_pwm_g/pwm_reg_lopt_replica_3/Q
                         net (fo=1, routed)           2.260     8.329    lopt_6
    V1                   OBUF (Prop_obuf_I_O)         3.564    11.892 r  led_g_OBUF[2]_inst/O
                         net (fo=0)                   0.000    11.892    led_g[2]
    V1                                                                r  led_g[2]
  -------------------------------------------------------------------    -------------------

Slack:                    inf
  Source:                 u_pwm_r/pwm_reg_lopt_replica_2/C
                            (rising edge-triggered cell FDCE clocked by clk_50mhz  {rise@0.000ns fall@10.000ns period=20.000ns})
  Destination:            led_r[1]
                            (output port)
  Path Group:             (none)
  Path Type:              Max at Slow Process Corner
  Data Path Delay:        6.250ns  (logic 4.137ns (66.197%)  route 2.113ns (33.803%))
  Logic Levels:           1  (OBUF=1)
  Clock Uncertainty:      0.025ns  ((TSJ^2 + TIJ^2)^1/2 + DJ) / 2 + PE
    Total System Jitter     (TSJ):    0.050ns
    Total Input Jitter      (TIJ):    0.000ns
    Discrete Jitter          (DJ):    0.000ns
    Phase Error              (PE):    0.000ns

    Location             Delay type                Incr(ns)  Path(ns)    Netlist Resource(s)
  -------------------------------------------------------------------    -------------------
                         (clock clk_50mhz rise edge)
                                                      0.000     0.000 r  <hidden>
    B6                                                0.000     0.000 r  clk_50mhz
                         net (fo=0)                   0.000     0.000    clk_50mhz
    B6                   IBUF (Prop_ibuf_I_O)         1.500     1.500 r  clk_50mhz_IBUF_inst/O
                         net (fo=1, routed)           2.315     3.815    clk_50mhz_IBUF
    BUFGCTRL_X0Y16       BUFG (Prop_bufg_I_O)         0.096     3.911 r  clk_50mhz_IBUF_BUFG_inst/O
                         net (fo=144, routed)         1.716     5.628    u_pwm_r/CLK
    SLICE_X81Y99         FDCE                                         r  u_pwm_r/pwm_reg_lopt_replica_2/C
  -------------------------------------------------------------------    -------------------
    SLICE_X81Y99         FDCE (Prop_fdce_C_Q)         0.419     6.047 r  u_pwm_r/pwm_reg_lopt_replica_2/Q
                         net (fo=1, routed)           2.113     8.159    lopt_9
    P2                   OBUF (Prop_obuf_I_O)         3.718    11.878 r  led_r_OBUF[1]_inst/O
                         net (fo=0)                   0.000    11.878    led_r[1]
    P2                                                                r  led_r[1]
  -------------------------------------------------------------------    -------------------

Slack:                    inf
  Source:                 u_pwm_b/pwm_reg/C
                            (rising edge-triggered cell FDCE clocked by clk_50mhz  {rise@0.000ns fall@10.000ns period=20.000ns})
  Destination:            led_b[3]
                            (output port)
  Path Group:             (none)
  Path Type:              Max at Slow Process Corner
  Data Path Delay:        6.128ns  (logic 4.001ns (65.284%)  route 2.127ns (34.716%))
  Logic Levels:           1  (OBUF=1)
  Clock Uncertainty:      0.025ns  ((TSJ^2 + TIJ^2)^1/2 + DJ) / 2 + PE
    Total System Jitter     (TSJ):    0.050ns
    Total Input Jitter      (TIJ):    0.000ns
    Discrete Jitter          (DJ):    0.000ns
    Phase Error              (PE):    0.000ns

    Location             Delay type                Incr(ns)  Path(ns)    Netlist Resource(s)
  -------------------------------------------------------------------    -------------------
                         (clock clk_50mhz rise edge)
                                                      0.000     0.000 r  <hidden>
    B6                                                0.000     0.000 r  clk_50mhz
                         net (fo=0)                   0.000     0.000    clk_50mhz
    B6                   IBUF (Prop_ibuf_I_O)         1.500     1.500 r  clk_50mhz_IBUF_inst/O
                         net (fo=1, routed)           2.315     3.815    clk_50mhz_IBUF
    BUFGCTRL_X0Y16       BUFG (Prop_bufg_I_O)         0.096     3.911 r  clk_50mhz_IBUF_BUFG_inst/O
                         net (fo=144, routed)         1.715     5.627    u_pwm_b/CLK
    SLICE_X82Y91         FDCE                                         r  u_pwm_b/pwm_reg/C
  -------------------------------------------------------------------    -------------------
    SLICE_X82Y91         FDCE (Prop_fdce_C_Q)         0.456     6.083 r  u_pwm_b/pwm_reg/Q
                         net (fo=1, routed)           2.127     8.210    led_b_OBUF[0]
    U3                   OBUF (Prop_obuf_I_O)         3.545    11.755 r  led_b_OBUF[3]_inst/O
                         net (fo=0)                   0.000    11.755    led_b[3]
    U3                                                                r  led_b[3]
  -------------------------------------------------------------------    -------------------

Slack:                    inf
  Source:                 u_pwm_b/pwm_reg_lopt_replica/C
                            (rising edge-triggered cell FDCE clocked by clk_50mhz  {rise@0.000ns fall@10.000ns period=20.000ns})
  Destination:            led_b[0]
                            (output port)
  Path Group:             (none)
  Path Type:              Max at Slow Process Corner
  Data Path Delay:        6.122ns  (logic 4.004ns (65.399%)  route 2.118ns (34.601%))
  Logic Levels:           1  (OBUF=1)
  Clock Uncertainty:      0.025ns  ((TSJ^2 + TIJ^2)^1/2 + DJ) / 2 + PE
    Total System Jitter     (TSJ):    0.050ns
    Total Input Jitter      (TIJ):    0.000ns
    Discrete Jitter          (DJ):    0.000ns
    Phase Error              (PE):    0.000ns

    Location             Delay type                Incr(ns)  Path(ns)    Netlist Resource(s)
  -------------------------------------------------------------------    -------------------
                         (clock clk_50mhz rise edge)
                                                      0.000     0.000 r  <hidden>
    B6                                                0.000     0.000 r  clk_50mhz
                         net (fo=0)                   0.000     0.000    clk_50mhz
    B6                   IBUF (Prop_ibuf_I_O)         1.500     1.500 r  clk_50mhz_IBUF_inst/O
                         net (fo=1, routed)           2.315     3.815    clk_50mhz_IBUF
    BUFGCTRL_X0Y16       BUFG (Prop_bufg_I_O)         0.096     3.911 r  clk_50mhz_IBUF_BUFG_inst/O
                         net (fo=144, routed)         1.714     5.626    u_pwm_b/CLK
    SLICE_X83Y90         FDCE                                         r  u_pwm_b/pwm_reg_lopt_replica/C
  -------------------------------------------------------------------    -------------------
    SLICE_X83Y90         FDCE (Prop_fdce_C_Q)         0.456     6.082 r  u_pwm_b/pwm_reg_lopt_replica/Q
                         net (fo=1, routed)           2.118     8.200    lopt
    T3                   OBUF (Prop_obuf_I_O)         3.548    11.748 r  led_b_OBUF[0]_inst/O
                         net (fo=0)                   0.000    11.748    led_b[0]
    T3                                                                r  led_b[0]
  -------------------------------------------------------------------    -------------------

Slack:                    inf
  Source:                 u_pwm_g/pwm_reg/C
                            (rising edge-triggered cell FDCE clocked by clk_50mhz  {rise@0.000ns fall@10.000ns period=20.000ns})
  Destination:            led_g[3]
                            (output port)
  Path Group:             (none)
  Path Type:              Max at Slow Process Corner
  Data Path Delay:        6.128ns  (logic 4.008ns (65.414%)  route 2.119ns (34.586%))
  Logic Levels:           1  (OBUF=1)
  Clock Uncertainty:      0.025ns  ((TSJ^2 + TIJ^2)^1/2 + DJ) / 2 + PE
    Total System Jitter     (TSJ):    0.050ns
    Total Input Jitter      (TIJ):    0.000ns
    Discrete Jitter          (DJ):    0.000ns
    Phase Error              (PE):    0.000ns

    Location             Delay type                Incr(ns)  Path(ns)    Netlist Resource(s)
  -------------------------------------------------------------------    -------------------
                         (clock clk_50mhz rise edge)
                                                      0.000     0.000 r  <hidden>
    B6                                                0.000     0.000 r  clk_50mhz
                         net (fo=0)                   0.000     0.000    clk_50mhz
    B6                   IBUF (Prop_ibuf_I_O)         1.500     1.500 r  clk_50mhz_IBUF_inst/O
                         net (fo=1, routed)           2.315     3.815    clk_50mhz_IBUF
    BUFGCTRL_X0Y16       BUFG (Prop_bufg_I_O)         0.096     3.911 r  clk_50mhz_IBUF_BUFG_inst/O
                         net (fo=144, routed)         1.699     5.610    u_pwm_g/CLK
    SLICE_X81Y105        FDCE                                         r  u_pwm_g/pwm_reg/C
  -------------------------------------------------------------------    -------------------
    SLICE_X81Y105        FDCE (Prop_fdce_C_Q)         0.456     6.066 r  u_pwm_g/pwm_reg/Q
                         net (fo=1, routed)           2.119     8.186    led_g_OBUF[0]
    U5                   OBUF (Prop_obuf_I_O)         3.552    11.738 r  led_g_OBUF[3]_inst/O
                         net (fo=0)                   0.000    11.738    led_g[3]
    U5                                                                r  led_g[3]
  -------------------------------------------------------------------    -------------------

Slack:                    inf
  Source:                 u_pwm_r/pwm_reg_lopt_replica_3/C
                            (rising edge-triggered cell FDCE clocked by clk_50mhz  {rise@0.000ns fall@10.000ns period=20.000ns})
  Destination:            led_r[2]
                            (output port)
  Path Group:             (none)
  Path Type:              Max at Slow Process Corner
  Data Path Delay:        6.105ns  (logic 4.013ns (65.720%)  route 2.093ns (34.280%))
  Logic Levels:           1  (OBUF=1)
  Clock Uncertainty:      0.025ns  ((TSJ^2 + TIJ^2)^1/2 + DJ) / 2 + PE
    Total System Jitter     (TSJ):    0.050ns
    Total Input Jitter      (TIJ):    0.000ns
    Discrete Jitter          (DJ):    0.000ns
    Phase Error              (PE):    0.000ns

    Location             Delay type                Incr(ns)  Path(ns)    Netlist Resource(s)
  -------------------------------------------------------------------    -------------------
                         (clock clk_50mhz rise edge)
                                                      0.000     0.000 r  <hidden>
    B6                                                0.000     0.000 r  clk_50mhz
                         net (fo=0)                   0.000     0.000    clk_50mhz
    B6                   IBUF (Prop_ibuf_I_O)         1.500     1.500 r  clk_50mhz_IBUF_inst/O
                         net (fo=1, routed)           2.315     3.815    clk_50mhz_IBUF
    BUFGCTRL_X0Y16       BUFG (Prop_bufg_I_O)         0.096     3.911 r  clk_50mhz_IBUF_BUFG_inst/O
                         net (fo=144, routed)         1.715     5.627    u_pwm_r/CLK
    SLICE_X81Y93         FDCE                                         r  u_pwm_r/pwm_reg_lopt_replica_3/C
  -------------------------------------------------------------------    -------------------
    SLICE_X81Y93         FDCE (Prop_fdce_C_Q)         0.456     6.083 r  u_pwm_r/pwm_reg_lopt_replica_3/Q
                         net (fo=1, routed)           2.093     8.176    lopt_10
    U1                   OBUF (Prop_obuf_I_O)         3.557    11.732 r  led_r_OBUF[2]_inst/O
                         net (fo=0)                   0.000    11.732    led_r[2]
    U1                                                                r  led_r[2]
  -------------------------------------------------------------------    -------------------

Slack:                    inf
  Source:                 u_pwm_b/pwm_reg_lopt_replica_3/C
                            (rising edge-triggered cell FDCE clocked by clk_50mhz  {rise@0.000ns fall@10.000ns period=20.000ns})
  Destination:            led_b[2]
                            (output port)
  Path Group:             (none)
  Path Type:              Max at Slow Process Corner
  Data Path Delay:        5.929ns  (logic 4.033ns (68.018%)  route 1.896ns (31.982%))
  Logic Levels:           1  (OBUF=1)
  Clock Uncertainty:      0.025ns  ((TSJ^2 + TIJ^2)^1/2 + DJ) / 2 + PE
    Total System Jitter     (TSJ):    0.050ns
    Total Input Jitter      (TIJ):    0.000ns
    Discrete Jitter          (DJ):    0.000ns
    Phase Error              (PE):    0.000ns

    Location             Delay type                Incr(ns)  Path(ns)    Netlist Resource(s)
  -------------------------------------------------------------------    -------------------
                         (clock clk_50mhz rise edge)
                                                      0.000     0.000 r  <hidden>
    B6                                                0.000     0.000 r  clk_50mhz
                         net (fo=0)                   0.000     0.000    clk_50mhz
    B6                   IBUF (Prop_ibuf_I_O)         1.500     1.500 r  clk_50mhz_IBUF_inst/O
                         net (fo=1, routed)           2.315     3.815    clk_50mhz_IBUF
    BUFGCTRL_X0Y16       BUFG (Prop_bufg_I_O)         0.096     3.911 r  clk_50mhz_IBUF_BUFG_inst/O
                         net (fo=144, routed)         1.714     5.626    u_pwm_b/CLK
    SLICE_X83Y90         FDCE                                         r  u_pwm_b/pwm_reg_lopt_replica_3/C
  -------------------------------------------------------------------    -------------------
    SLICE_X83Y90         FDCE (Prop_fdce_C_Q)         0.456     6.082 r  u_pwm_b/pwm_reg_lopt_replica_3/Q
                         net (fo=1, routed)           1.896     7.978    lopt_2
    W2                   OBUF (Prop_obuf_I_O)         3.577    11.555 r  led_b_OBUF[2]_inst/O
                         net (fo=0)                   0.000    11.555    led_b[2]
    W2                                                                r  led_b[2]
  -------------------------------------------------------------------    -------------------

Slack:                    inf
  Source:                 u_pwm_r/pwm_reg_lopt_replica/C
                            (rising edge-triggered cell FDCE clocked by clk_50mhz  {rise@0.000ns fall@10.000ns period=20.000ns})
  Destination:            led_r[0]
                            (output port)
  Path Group:             (none)
  Path Type:              Max at Slow Process Corner
  Data Path Delay:        5.891ns  (logic 4.067ns (69.047%)  route 1.823ns (30.953%))
  Logic Levels:           1  (OBUF=1)
  Clock Uncertainty:      0.025ns  ((TSJ^2 + TIJ^2)^1/2 + DJ) / 2 + PE
    Total System Jitter     (TSJ):    0.050ns
    Total Input Jitter      (TIJ):    0.000ns
    Discrete Jitter          (DJ):    0.000ns
    Phase Error              (PE):    0.000ns

    Location             Delay type                Incr(ns)  Path(ns)    Netlist Resource(s)
  -------------------------------------------------------------------    -------------------
                         (clock clk_50mhz rise edge)
                                                      0.000     0.000 r  <hidden>
    B6                                                0.000     0.000 r  clk_50mhz
                         net (fo=0)                   0.000     0.000    clk_50mhz
    B6                   IBUF (Prop_ibuf_I_O)         1.500     1.500 r  clk_50mhz_IBUF_inst/O
                         net (fo=1, routed)           2.315     3.815    clk_50mhz_IBUF
    BUFGCTRL_X0Y16       BUFG (Prop_bufg_I_O)         0.096     3.911 r  clk_50mhz_IBUF_BUFG_inst/O
                         net (fo=144, routed)         1.716     5.628    u_pwm_r/CLK
    SLICE_X80Y99         FDCE                                         r  u_pwm_r/pwm_reg_lopt_replica/C
  -------------------------------------------------------------------    -------------------
    SLICE_X80Y99         FDCE (Prop_fdce_C_Q)         0.518     6.146 r  u_pwm_r/pwm_reg_lopt_replica/Q
                         net (fo=1, routed)           1.823     7.969    lopt_8
    R3                   OBUF (Prop_obuf_I_O)         3.549    11.519 r  led_r_OBUF[0]_inst/O
                         net (fo=0)                   0.000    11.519    led_r[0]
    R3                                                                r  led_r[0]
  -------------------------------------------------------------------    -------------------

Slack:                    inf
  Source:                 u_pwm_g/pwm_reg_lopt_replica/C
                            (rising edge-triggered cell FDCE clocked by clk_50mhz  {rise@0.000ns fall@10.000ns period=20.000ns})
  Destination:            led_g[0]
                            (output port)
  Path Group:             (none)
  Path Type:              Max at Slow Process Corner
  Data Path Delay:        5.866ns  (logic 4.005ns (68.272%)  route 1.861ns (31.728%))
  Logic Levels:           1  (OBUF=1)
  Clock Uncertainty:      0.025ns  ((TSJ^2 + TIJ^2)^1/2 + DJ) / 2 + PE
    Total System Jitter     (TSJ):    0.050ns
    Total Input Jitter      (TIJ):    0.000ns
    Discrete Jitter          (DJ):    0.000ns
    Phase Error              (PE):    0.000ns

    Location             Delay type                Incr(ns)  Path(ns)    Netlist Resource(s)
  -------------------------------------------------------------------    -------------------
                         (clock clk_50mhz rise edge)
                                                      0.000     0.000 r  <hidden>
    B6                                                0.000     0.000 r  clk_50mhz
                         net (fo=0)                   0.000     0.000    clk_50mhz
    B6                   IBUF (Prop_ibuf_I_O)         1.500     1.500 r  clk_50mhz_IBUF_inst/O
                         net (fo=1, routed)           2.315     3.815    clk_50mhz_IBUF
    BUFGCTRL_X0Y16       BUFG (Prop_bufg_I_O)         0.096     3.911 r  clk_50mhz_IBUF_BUFG_inst/O
                         net (fo=144, routed)         1.701     5.612    u_pwm_g/CLK
    SLICE_X83Y101        FDCE                                         r  u_pwm_g/pwm_reg_lopt_replica/C
  -------------------------------------------------------------------    -------------------
    SLICE_X83Y101        FDCE (Prop_fdce_C_Q)         0.456     6.068 r  u_pwm_g/pwm_reg_lopt_replica/Q
                         net (fo=1, routed)           1.861     7.929    lopt_4
    T6                   OBUF (Prop_obuf_I_O)         3.549    11.478 r  led_g_OBUF[0]_inst/O
                         net (fo=0)                   0.000    11.478    led_g[0]
    T6                                                                r  led_g[0]
  -------------------------------------------------------------------    -------------------





Min Delay Paths
--------------------------------------------------------------------------------------
Slack:                    inf
  Source:                 u_pwm_b/pwm_reg_lopt_replica_2/C
                            (rising edge-triggered cell FDCE clocked by clk_50mhz  {rise@0.000ns fall@10.000ns period=20.000ns})
  Destination:            led_b[1]
                            (output port)
  Path Group:             (none)
  Path Type:              Min at Fast Process Corner
  Data Path Delay:        1.693ns  (logic 1.369ns (80.864%)  route 0.324ns (19.136%))
  Logic Levels:           1  (OBUF=1)
  Clock Uncertainty:      0.025ns  ((TSJ^2 + TIJ^2)^1/2 + DJ) / 2 + PE
    Total System Jitter     (TSJ):    0.050ns
    Total Input Jitter      (TIJ):    0.000ns
    Discrete Jitter          (DJ):    0.000ns
    Phase Error              (PE):    0.000ns

    Location             Delay type                Incr(ns)  Path(ns)    Netlist Resource(s)
  -------------------------------------------------------------------    -------------------
                         (clock clk_50mhz rise edge)
                                                      0.000     0.000 r  <hidden>
    B6                                                0.000     0.000 r  clk_50mhz
                         net (fo=0)                   0.000     0.000    clk_50mhz
    B6                   IBUF (Prop_ibuf_I_O)         0.268     0.268 r  clk_50mhz_IBUF_inst/O
                         net (fo=1, routed)           0.808     1.075    clk_50mhz_IBUF
    BUFGCTRL_X0Y16       BUFG (Prop_bufg_I_O)         0.026     1.101 r  clk_50mhz_IBUF_BUFG_inst/O
                         net (fo=144, routed)         0.596     1.697    u_pwm_b/CLK
    SLICE_X83Y101        FDCE                                         r  u_pwm_b/pwm_reg_lopt_replica_2/C
  -------------------------------------------------------------------    -------------------
    SLICE_X83Y101        FDCE (Prop_fdce_C_Q)         0.141     1.838 r  u_pwm_b/pwm_reg_lopt_replica_2/Q
                         net (fo=1, routed)           0.324     2.162    lopt_1
    R5                   OBUF (Prop_obuf_I_O)         1.228     3.390 r  led_b_OBUF[1]_inst/O
                         net (fo=0)                   0.000     3.390    led_b[1]
    R5                                                                r  led_b[1]
  -------------------------------------------------------------------    -------------------

Slack:                    inf
  Source:                 u_pwm_g/pwm_reg_lopt_replica_2/C
                            (rising edge-triggered cell FDCE clocked by clk_50mhz  {rise@0.000ns fall@10.000ns period=20.000ns})
  Destination:            led_g[1]
                            (output port)
  Path Group:             (none)
  Path Type:              Min at Fast Process Corner
  Data Path Delay:        1.732ns  (logic 1.393ns (80.414%)  route 0.339ns (19.586%))
  Logic Levels:           1  (OBUF=1)
  Clock Uncertainty:      0.025ns  ((TSJ^2 + TIJ^2)^1/2 + DJ) / 2 + PE
    Total System Jitter     (TSJ):    0.050ns
    Total Input Jitter      (TIJ):    0.000ns
    Discrete Jitter          (DJ):    0.000ns
    Phase Error              (PE):    0.000ns

    Location             Delay type                Incr(ns)  Path(ns)    Netlist Resource(s)
  -------------------------------------------------------------------    -------------------
                         (clock clk_50mhz rise edge)
                                                      0.000     0.000 r  <hidden>
    B6                                                0.000     0.000 r  clk_50mhz
                         net (fo=0)                   0.000     0.000    clk_50mhz
    B6                   IBUF (Prop_ibuf_I_O)         0.268     0.268 r  clk_50mhz_IBUF_inst/O
                         net (fo=1, routed)           0.808     1.075    clk_50mhz_IBUF
    BUFGCTRL_X0Y16       BUFG (Prop_bufg_I_O)         0.026     1.101 r  clk_50mhz_IBUF_BUFG_inst/O
                         net (fo=144, routed)         0.595     1.696    u_pwm_g/CLK
    SLICE_X83Y104        FDCE                                         r  u_pwm_g/pwm_reg_lopt_replica_2/C
  -------------------------------------------------------------------    -------------------
    SLICE_X83Y104        FDCE (Prop_fdce_C_Q)         0.141     1.837 r  u_pwm_g/pwm_reg_lopt_replica_2/Q
                         net (fo=1, routed)           0.339     2.176    lopt_5
    R7                   OBUF (Prop_obuf_I_O)         1.252     3.429 r  led_g_OBUF[1]_inst/O
                         net (fo=0)                   0.000     3.429    led_g[1]
    R7                                                                r  led_g[1]
  -------------------------------------------------------------------    -------------------

Slack:                    inf
  Source:                 u_pwm_g/pwm_reg_lopt_replica/C
                            (rising edge-triggered cell FDCE clocked by clk_50mhz  {rise@0.000ns fall@10.000ns period=20.000ns})
  Destination:            led_g[0]
                            (output port)
  Path Group:             (none)
  Path Type:              Min at Fast Process Corner
  Data Path Delay:        1.805ns  (logic 1.390ns (77.053%)  route 0.414ns (22.947%))
  Logic Levels:           1  (OBUF=1)
  Clock Uncertainty:      0.025ns  ((TSJ^2 + TIJ^2)^1/2 + DJ) / 2 + PE
    Total System Jitter     (TSJ):    0.050ns
    Total Input Jitter      (TIJ):    0.000ns
    Discrete Jitter          (DJ):    0.000ns
    Phase Error              (PE):    0.000ns

    Location             Delay type                Incr(ns)  Path(ns)    Netlist Resource(s)
  -------------------------------------------------------------------    -------------------
                         (clock clk_50mhz rise edge)
                                                      0.000     0.000 r  <hidden>
    B6                                                0.000     0.000 r  clk_50mhz
                         net (fo=0)                   0.000     0.000    clk_50mhz
    B6                   IBUF (Prop_ibuf_I_O)         0.268     0.268 r  clk_50mhz_IBUF_inst/O
                         net (fo=1, routed)           0.808     1.075    clk_50mhz_IBUF
    BUFGCTRL_X0Y16       BUFG (Prop_bufg_I_O)         0.026     1.101 r  clk_50mhz_IBUF_BUFG_inst/O
                         net (fo=144, routed)         0.596     1.697    u_pwm_g/CLK
    SLICE_X83Y101        FDCE                                         r  u_pwm_g/pwm_reg_lopt_replica/C
  -------------------------------------------------------------------    -------------------
    SLICE_X83Y101        FDCE (Prop_fdce_C_Q)         0.141     1.838 r  u_pwm_g/pwm_reg_lopt_replica/Q
                         net (fo=1, routed)           0.414     2.252    lopt_4
    T6                   OBUF (Prop_obuf_I_O)         1.249     3.502 r  led_g_OBUF[0]_inst/O
                         net (fo=0)                   0.000     3.502    led_g[0]
    T6                                                                r  led_g[0]
  -------------------------------------------------------------------    -------------------

Slack:                    inf
  Source:                 u_pwm_r/pwm_reg_lopt_replica/C
                            (rising edge-triggered cell FDCE clocked by clk_50mhz  {rise@0.000ns fall@10.000ns period=20.000ns})
  Destination:            led_r[0]
                            (output port)
  Path Group:             (none)
  Path Type:              Min at Fast Process Corner
  Data Path Delay:        1.803ns  (logic 1.414ns (78.409%)  route 0.389ns (21.591%))
  Logic Levels:           1  (OBUF=1)
  Clock Uncertainty:      0.025ns  ((TSJ^2 + TIJ^2)^1/2 + DJ) / 2 + PE
    Total System Jitter     (TSJ):    0.050ns
    Total Input Jitter      (TIJ):    0.000ns
    Discrete Jitter          (DJ):    0.000ns
    Phase Error              (PE):    0.000ns

    Location             Delay type                Incr(ns)  Path(ns)    Netlist Resource(s)
  -------------------------------------------------------------------    -------------------
                         (clock clk_50mhz rise edge)
                                                      0.000     0.000 r  <hidden>
    B6                                                0.000     0.000 r  clk_50mhz
                         net (fo=0)                   0.000     0.000    clk_50mhz
    B6                   IBUF (Prop_ibuf_I_O)         0.268     0.268 r  clk_50mhz_IBUF_inst/O
                         net (fo=1, routed)           0.808     1.075    clk_50mhz_IBUF
    BUFGCTRL_X0Y16       BUFG (Prop_bufg_I_O)         0.026     1.101 r  clk_50mhz_IBUF_BUFG_inst/O
                         net (fo=144, routed)         0.601     1.702    u_pwm_r/CLK
    SLICE_X80Y99         FDCE                                         r  u_pwm_r/pwm_reg_lopt_replica/C
  -------------------------------------------------------------------    -------------------
    SLICE_X80Y99         FDCE (Prop_fdce_C_Q)         0.164     1.866 r  u_pwm_r/pwm_reg_lopt_replica/Q
                         net (fo=1, routed)           0.389     2.255    lopt_8
    R3                   OBUF (Prop_obuf_I_O)         1.250     3.505 r  led_r_OBUF[0]_inst/O
                         net (fo=0)                   0.000     3.505    led_r[0]
    R3                                                                r  led_r[0]
  -------------------------------------------------------------------    -------------------

Slack:                    inf
  Source:                 u_pwm_b/pwm_reg_lopt_replica_3/C
                            (rising edge-triggered cell FDCE clocked by clk_50mhz  {rise@0.000ns fall@10.000ns period=20.000ns})
  Destination:            led_b[2]
                            (output port)
  Path Group:             (none)
  Path Type:              Min at Fast Process Corner
  Data Path Delay:        1.843ns  (logic 1.418ns (76.935%)  route 0.425ns (23.065%))
  Logic Levels:           1  (OBUF=1)
  Clock Uncertainty:      0.025ns  ((TSJ^2 + TIJ^2)^1/2 + DJ) / 2 + PE
    Total System Jitter     (TSJ):    0.050ns
    Total Input Jitter      (TIJ):    0.000ns
    Discrete Jitter          (DJ):    0.000ns
    Phase Error              (PE):    0.000ns

    Location             Delay type                Incr(ns)  Path(ns)    Netlist Resource(s)
  -------------------------------------------------------------------    -------------------
                         (clock clk_50mhz rise edge)
                                                      0.000     0.000 r  <hidden>
    B6                                                0.000     0.000 r  clk_50mhz
                         net (fo=0)                   0.000     0.000    clk_50mhz
    B6                   IBUF (Prop_ibuf_I_O)         0.268     0.268 r  clk_50mhz_IBUF_inst/O
                         net (fo=1, routed)           0.808     1.075    clk_50mhz_IBUF
    BUFGCTRL_X0Y16       BUFG (Prop_bufg_I_O)         0.026     1.101 r  clk_50mhz_IBUF_BUFG_inst/O
                         net (fo=144, routed)         0.600     1.701    u_pwm_b/CLK
    SLICE_X83Y90         FDCE                                         r  u_pwm_b/pwm_reg_lopt_replica_3/C
  -------------------------------------------------------------------    -------------------
    SLICE_X83Y90         FDCE (Prop_fdce_C_Q)         0.141     1.842 r  u_pwm_b/pwm_reg_lopt_replica_3/Q
                         net (fo=1, routed)           0.425     2.267    lopt_2
    W2                   OBUF (Prop_obuf_I_O)         1.277     3.544 r  led_b_OBUF[2]_inst/O
                         net (fo=0)                   0.000     3.544    led_b[2]
    W2                                                                r  led_b[2]
  -------------------------------------------------------------------    -------------------

Slack:                    inf
  Source:                 u_pwm_r/pwm_reg_lopt_replica_3/C
                            (rising edge-triggered cell FDCE clocked by clk_50mhz  {rise@0.000ns fall@10.000ns period=20.000ns})
  Destination:            led_r[2]
                            (output port)
  Path Group:             (none)
  Path Type:              Min at Fast Process Corner
  Data Path Delay:        1.901ns  (logic 1.398ns (73.544%)  route 0.503ns (26.456%))
  Logic Levels:           1  (OBUF=1)
  Clock Uncertainty:      0.025ns  ((TSJ^2 + TIJ^2)^1/2 + DJ) / 2 + PE
    Total System Jitter     (TSJ):    0.050ns
    Total Input Jitter      (TIJ):    0.000ns
    Discrete Jitter          (DJ):    0.000ns
    Phase Error              (PE):    0.000ns

    Location             Delay type                Incr(ns)  Path(ns)    Netlist Resource(s)
  -------------------------------------------------------------------    -------------------
                         (clock clk_50mhz rise edge)
                                                      0.000     0.000 r  <hidden>
    B6                                                0.000     0.000 r  clk_50mhz
                         net (fo=0)                   0.000     0.000    clk_50mhz
    B6                   IBUF (Prop_ibuf_I_O)         0.268     0.268 r  clk_50mhz_IBUF_inst/O
                         net (fo=1, routed)           0.808     1.075    clk_50mhz_IBUF
    BUFGCTRL_X0Y16       BUFG (Prop_bufg_I_O)         0.026     1.101 r  clk_50mhz_IBUF_BUFG_inst/O
                         net (fo=144, routed)         0.600     1.701    u_pwm_r/CLK
    SLICE_X81Y93         FDCE                                         r  u_pwm_r/pwm_reg_lopt_replica_3/C
  -------------------------------------------------------------------    -------------------
    SLICE_X81Y93         FDCE (Prop_fdce_C_Q)         0.141     1.842 r  u_pwm_r/pwm_reg_lopt_replica_3/Q
                         net (fo=1, routed)           0.503     2.345    lopt_10
    U1                   OBUF (Prop_obuf_I_O)         1.257     3.602 r  led_r_OBUF[2]_inst/O
                         net (fo=0)                   0.000     3.602    led_r[2]
    U1                                                                r  led_r[2]
  -------------------------------------------------------------------    -------------------

Slack:                    inf
  Source:                 u_pwm_b/pwm_reg_lopt_replica/C
                            (rising edge-triggered cell FDCE clocked by clk_50mhz  {rise@0.000ns fall@10.000ns period=20.000ns})
  Destination:            led_b[0]
                            (output port)
  Path Group:             (none)
  Path Type:              Min at Fast Process Corner
  Data Path Delay:        1.917ns  (logic 1.389ns (72.491%)  route 0.527ns (27.509%))
  Logic Levels:           1  (OBUF=1)
  Clock Uncertainty:      0.025ns  ((TSJ^2 + TIJ^2)^1/2 + DJ) / 2 + PE
    Total System Jitter     (TSJ):    0.050ns
    Total Input Jitter      (TIJ):    0.000ns
    Discrete Jitter          (DJ):    0.000ns
    Phase Error              (PE):    0.000ns

    Location             Delay type                Incr(ns)  Path(ns)    Netlist Resource(s)
  -------------------------------------------------------------------    -------------------
                         (clock clk_50mhz rise edge)
                                                      0.000     0.000 r  <hidden>
    B6                                                0.000     0.000 r  clk_50mhz
                         net (fo=0)                   0.000     0.000    clk_50mhz
    B6                   IBUF (Prop_ibuf_I_O)         0.268     0.268 r  clk_50mhz_IBUF_inst/O
                         net (fo=1, routed)           0.808     1.075    clk_50mhz_IBUF
    BUFGCTRL_X0Y16       BUFG (Prop_bufg_I_O)         0.026     1.101 r  clk_50mhz_IBUF_BUFG_inst/O
                         net (fo=144, routed)         0.600     1.701    u_pwm_b/CLK
    SLICE_X83Y90         FDCE                                         r  u_pwm_b/pwm_reg_lopt_replica/C
  -------------------------------------------------------------------    -------------------
    SLICE_X83Y90         FDCE (Prop_fdce_C_Q)         0.141     1.842 r  u_pwm_b/pwm_reg_lopt_replica/Q
                         net (fo=1, routed)           0.527     2.369    lopt
    T3                   OBUF (Prop_obuf_I_O)         1.248     3.617 r  led_b_OBUF[0]_inst/O
                         net (fo=0)                   0.000     3.617    led_b[0]
    T3                                                                r  led_b[0]
  -------------------------------------------------------------------    -------------------

Slack:                    inf
  Source:                 u_pwm_g/pwm_reg/C
                            (rising edge-triggered cell FDCE clocked by clk_50mhz  {rise@0.000ns fall@10.000ns period=20.000ns})
  Destination:            led_g[3]
                            (output port)
  Path Group:             (none)
  Path Type:              Min at Fast Process Corner
  Data Path Delay:        1.923ns  (logic 1.394ns (72.480%)  route 0.529ns (27.520%))
  Logic Levels:           1  (OBUF=1)
  Clock Uncertainty:      0.025ns  ((TSJ^2 + TIJ^2)^1/2 + DJ) / 2 + PE
    Total System Jitter     (TSJ):    0.050ns
    Total Input Jitter      (TIJ):    0.000ns
    Discrete Jitter          (DJ):    0.000ns
    Phase Error              (PE):    0.000ns

    Location             Delay type                Incr(ns)  Path(ns)    Netlist Resource(s)
  -------------------------------------------------------------------    -------------------
                         (clock clk_50mhz rise edge)
                                                      0.000     0.000 r  <hidden>
    B6                                                0.000     0.000 r  clk_50mhz
                         net (fo=0)                   0.000     0.000    clk_50mhz
    B6                   IBUF (Prop_ibuf_I_O)         0.268     0.268 r  clk_50mhz_IBUF_inst/O
                         net (fo=1, routed)           0.808     1.075    clk_50mhz_IBUF
    BUFGCTRL_X0Y16       BUFG (Prop_bufg_I_O)         0.026     1.101 r  clk_50mhz_IBUF_BUFG_inst/O
                         net (fo=144, routed)         0.594     1.695    u_pwm_g/CLK
    SLICE_X81Y105        FDCE                                         r  u_pwm_g/pwm_reg/C
  -------------------------------------------------------------------    -------------------
    SLICE_X81Y105        FDCE (Prop_fdce_C_Q)         0.141     1.836 r  u_pwm_g/pwm_reg/Q
                         net (fo=1, routed)           0.529     2.365    led_g_OBUF[0]
    U5                   OBUF (Prop_obuf_I_O)         1.253     3.618 r  led_g_OBUF[3]_inst/O
                         net (fo=0)                   0.000     3.618    led_g[3]
    U5                                                                r  led_g[3]
  -------------------------------------------------------------------    -------------------

Slack:                    inf
  Source:                 u_pwm_b/pwm_reg/C
                            (rising edge-triggered cell FDCE clocked by clk_50mhz  {rise@0.000ns fall@10.000ns period=20.000ns})
  Destination:            led_b[3]
                            (output port)
  Path Group:             (none)
  Path Type:              Min at Fast Process Corner
  Data Path Delay:        1.924ns  (logic 1.387ns (72.064%)  route 0.537ns (27.936%))
  Logic Levels:           1  (OBUF=1)
  Clock Uncertainty:      0.025ns  ((TSJ^2 + TIJ^2)^1/2 + DJ) / 2 + PE
    Total System Jitter     (TSJ):    0.050ns
    Total Input Jitter      (TIJ):    0.000ns
    Discrete Jitter          (DJ):    0.000ns
    Phase Error              (PE):    0.000ns

    Location             Delay type                Incr(ns)  Path(ns)    Netlist Resource(s)
  -------------------------------------------------------------------    -------------------
                         (clock clk_50mhz rise edge)
                                                      0.000     0.000 r  <hidden>
    B6                                                0.000     0.000 r  clk_50mhz
                         net (fo=0)                   0.000     0.000    clk_50mhz
    B6                   IBUF (Prop_ibuf_I_O)         0.268     0.268 r  clk_50mhz_IBUF_inst/O
                         net (fo=1, routed)           0.808     1.075    clk_50mhz_IBUF
    BUFGCTRL_X0Y16       BUFG (Prop_bufg_I_O)         0.026     1.101 r  clk_50mhz_IBUF_BUFG_inst/O
                         net (fo=144, routed)         0.600     1.701    u_pwm_b/CLK
    SLICE_X82Y91         FDCE                                         r  u_pwm_b/pwm_reg/C
  -------------------------------------------------------------------    -------------------
    SLICE_X82Y91         FDCE (Prop_fdce_C_Q)         0.141     1.842 r  u_pwm_b/pwm_reg/Q
                         net (fo=1, routed)           0.537     2.379    led_b_OBUF[0]
    U3                   OBUF (Prop_obuf_I_O)         1.246     3.625 r  led_b_OBUF[3]_inst/O
                         net (fo=0)                   0.000     3.625    led_b[3]
    U3                                                                r  led_b[3]
  -------------------------------------------------------------------    -------------------

Slack:                    inf
  Source:                 u_pwm_r/pwm_reg_lopt_replica_2/C
                            (rising edge-triggered cell FDCE clocked by clk_50mhz  {rise@0.000ns fall@10.000ns period=20.000ns})
  Destination:            led_r[1]
                            (output port)
  Path Group:             (none)
  Path Type:              Min at Fast Process Corner
  Data Path Delay:        1.952ns  (logic 1.426ns (73.067%)  route 0.526ns (26.933%))
  Logic Levels:           1  (OBUF=1)
  Clock Uncertainty:      0.025ns  ((TSJ^2 + TIJ^2)^1/2 + DJ) / 2 + PE
    Total System Jitter     (TSJ):    0.050ns
    Total Input Jitter      (TIJ):    0.000ns
    Discrete Jitter          (DJ):    0.000ns
    Phase Error              (PE):    0.000ns

    Location             Delay type                Incr(ns)  Path(ns)    Netlist Resource(s)
  -------------------------------------------------------------------    -------------------
                         (clock clk_50mhz rise edge)
                                                      0.000     0.000 r  <hidden>
    B6                                                0.000     0.000 r  clk_50mhz
                         net (fo=0)                   0.000     0.000    clk_50mhz
    B6                   IBUF (Prop_ibuf_I_O)         0.268     0.268 r  clk_50mhz_IBUF_inst/O
                         net (fo=1, routed)           0.808     1.075    clk_50mhz_IBUF
    BUFGCTRL_X0Y16       BUFG (Prop_bufg_I_O)         0.026     1.101 r  clk_50mhz_IBUF_BUFG_inst/O
                         net (fo=144, routed)         0.601     1.702    u_pwm_r/CLK
    SLICE_X81Y99         FDCE                                         r  u_pwm_r/pwm_reg_lopt_replica_2/C
  -------------------------------------------------------------------    -------------------
    SLICE_X81Y99         FDCE (Prop_fdce_C_Q)         0.128     1.830 r  u_pwm_r/pwm_reg_lopt_replica_2/Q
                         net (fo=1, routed)           0.526     2.356    lopt_9
    P2                   OBUF (Prop_obuf_I_O)         1.298     3.654 r  led_r_OBUF[1]_inst/O
                         net (fo=0)                   0.000     3.654    led_r[1]
    P2                                                                r  led_r[1]
  -------------------------------------------------------------------    -------------------





